Stock#,
趨勢值,0.0000000000
Stock#,AAPL(0)
趨勢值,0.3044512820
Stock#,AXP(1)
趨勢值,0.2727914407
Stock#,AAPL(0)AXP(1)
趨勢值,0.2939243521
Stock#,BA(2)
趨勢值,0.2705549895
Stock#,AAPL(0)BA(2)
趨勢值,0.3537672796
Stock#,AXP(1)BA(2)
趨勢值,0.3276604995
Stock#,AAPL(0)AXP(1)BA(2)
趨勢值,0.3349919528
Stock#,CAT(3)
趨勢值,0.9099805204
Stock#,AAPL(0)CAT(3)
趨勢值,0.4889286995
Stock#,AXP(1)CAT(3)
趨勢值,0.5362852951
Stock#,AAPL(0)AXP(1)CAT(3)
趨勢值,0.4105904579
Stock#,BA(2)CAT(3)
趨勢值,0.4899444579
Stock#,AAPL(0)BA(2)CAT(3)
趨勢值,0.4773081909
Stock#,AXP(1)BA(2)CAT(3)
趨勢值,0.4746988585
Stock#,AAPL(0)AXP(1)BA(2)CAT(3)
趨勢值,0.4260327808
Stock#,CSCO(4)
趨勢值,0.1848116816
Stock#,AAPL(0)CSCO(4)
趨勢值,0.2474065951
Stock#,AXP(1)CSCO(4)
趨勢值,0.2207921758
Stock#,AAPL(0)AXP(1)CSCO(4)
趨勢值,0.2545443255
Stock#,BA(2)CSCO(4)
趨勢值,0.2531941400
Stock#,AAPL(0)BA(2)CSCO(4)
趨勢值,0.2868749006
Stock#,AXP(1)BA(2)CSCO(4)
趨勢值,0.2677009310
Stock#,AAPL(0)AXP(1)BA(2)CSCO(4)
趨勢值,0.2865226065
Stock#,CAT(3)CSCO(4)
趨勢值,0.3596636586
Stock#,AAPL(0)CAT(3)CSCO(4)
趨勢值,0.3423224522
Stock#,AXP(1)CAT(3)CSCO(4)
趨勢值,0.3343424076
Stock#,AAPL(0)AXP(1)CAT(3)CSCO(4)
趨勢值,0.3276487894
Stock#,BA(2)CAT(3)CSCO(4)
趨勢值,0.3715646251
Stock#,AAPL(0)BA(2)CAT(3)CSCO(4)
趨勢值,0.3645585446
Stock#,AXP(1)BA(2)CAT(3)CSCO(4)
趨勢值,0.3561905627
Stock#,AAPL(0)AXP(1)BA(2)CAT(3)CSCO(4)
趨勢值,0.3493743306
Stock#,CVX(5)
趨勢值,0.3349873917
Stock#,AAPL(0)CVX(5)
趨勢值,0.3263424117
Stock#,AXP(1)CVX(5)
趨勢值,0.3075150512
Stock#,AAPL(0)AXP(1)CVX(5)
趨勢值,0.3105501130
Stock#,BA(2)CVX(5)
趨勢值,0.3317461256
Stock#,AAPL(0)BA(2)CVX(5)
趨勢值,0.3575932378
Stock#,AXP(1)BA(2)CVX(5)
趨勢值,0.3389640998
Stock#,AAPL(0)AXP(1)BA(2)CVX(5)
趨勢值,0.3405006355
Stock#,CAT(3)CVX(5)
趨勢值,0.6556382934
Stock#,AAPL(0)CAT(3)CVX(5)
趨勢值,0.4607980774
Stock#,AXP(1)CAT(3)CVX(5)
趨勢值,0.4775036255
Stock#,AAPL(0)AXP(1)CAT(3)CVX(5)
趨勢值,0.4051127974
Stock#,BA(2)CAT(3)CVX(5)
趨勢值,0.4878302827
Stock#,AAPL(0)BA(2)CAT(3)CVX(5)
趨勢值,0.4561371096
Stock#,AXP(1)BA(2)CAT(3)CVX(5)
趨勢值,0.4522417330
Stock#,AAPL(0)AXP(1)BA(2)CAT(3)CVX(5)
趨勢值,0.4170792897
Stock#,CSCO(4)CVX(5)
趨勢值,0.2342088248
Stock#,AAPL(0)CSCO(4)CVX(5)
趨勢值,0.2680446770
Stock#,AXP(1)CSCO(4)CVX(5)
趨勢值,0.2487259824
Stock#,AAPL(0)AXP(1)CSCO(4)CVX(5)
趨勢值,0.2700019260
Stock#,BA(2)CSCO(4)CVX(5)
趨勢值,0.2774123698
Stock#,AAPL(0)BA(2)CSCO(4)CVX(5)
趨勢值,0.2983595608
Stock#,AXP(1)BA(2)CSCO(4)CVX(5)
趨勢值,0.2831477029
Stock#,AAPL(0)AXP(1)BA(2)CSCO(4)CVX(5)
趨勢值,0.2959617553
Stock#,CAT(3)CSCO(4)CVX(5)
趨勢值,0.3626840584
Stock#,AAPL(0)CAT(3)CSCO(4)CVX(5)
趨勢值,0.3478251520
Stock#,AXP(1)CAT(3)CSCO(4)CVX(5)
趨勢值,0.3408320254
Stock#,AAPL(0)AXP(1)CAT(3)CSCO(4)CVX(5)
趨勢值,0.3338000597
Stock#,BA(2)CAT(3)CSCO(4)CVX(5)
趨勢值,0.3724232389
Stock#,AAPL(0)BA(2)CAT(3)CSCO(4)CVX(5)
趨勢值,0.3652847375
Stock#,AXP(1)BA(2)CAT(3)CSCO(4)CVX(5)
趨勢值,0.3577906724
Stock#,AAPL(0)AXP(1)BA(2)CAT(3)CSCO(4)CVX(5)
趨勢值,0.3515974703
Stock#,DIS(6)
趨勢值,0.2276523174
Stock#,AAPL(0)DIS(6)
趨勢值,0.3020574365
Stock#,AXP(1)DIS(6)
趨勢值,0.2784912157
Stock#,AAPL(0)AXP(1)DIS(6)
趨勢值,0.2974238141
Stock#,BA(2)DIS(6)
趨勢值,0.3205857390
Stock#,AAPL(0)BA(2)DIS(6)
趨勢值,0.3477822807
Stock#,AXP(1)BA(2)DIS(6)
趨勢值,0.3319461708
Stock#,AAPL(0)AXP(1)BA(2)DIS(6)
趨勢值,0.3339766772
Stock#,CAT(3)DIS(6)
趨勢值,0.6359206001
Stock#,AAPL(0)CAT(3)DIS(6)
趨勢值,0.4461244984
Stock#,AXP(1)CAT(3)DIS(6)
趨勢值,0.4685001234
Stock#,AAPL(0)AXP(1)CAT(3)DIS(6)
趨勢值,0.3968118473
Stock#,BA(2)CAT(3)DIS(6)
趨勢值,0.5109025709
Stock#,AAPL(0)BA(2)CAT(3)DIS(6)
趨勢值,0.4557354970
Stock#,AXP(1)BA(2)CAT(3)DIS(6)
趨勢值,0.4599514743
Stock#,AAPL(0)AXP(1)BA(2)CAT(3)DIS(6)
趨勢值,0.4155361138
Stock#,CSCO(4)DIS(6)
趨勢值,0.2200967140
Stock#,AAPL(0)CSCO(4)DIS(6)
趨勢值,0.2592919699
Stock#,AXP(1)CSCO(4)DIS(6)
趨勢值,0.2399658771
Stock#,AAPL(0)AXP(1)CSCO(4)DIS(6)
趨勢值,0.2636955446
Stock#,BA(2)CSCO(4)DIS(6)
趨勢值,0.2727312611
Stock#,AAPL(0)BA(2)CSCO(4)DIS(6)
趨勢值,0.2936543974
Stock#,AXP(1)BA(2)CSCO(4)DIS(6)
趨勢值,0.2794066963
Stock#,AAPL(0)AXP(1)BA(2)CSCO(4)DIS(6)
趨勢值,0.2922238242
Stock#,CAT(3)CSCO(4)DIS(6)
趨勢值,0.3580130290
Stock#,AAPL(0)CAT(3)CSCO(4)DIS(6)
趨勢值,0.3423108421
Stock#,AXP(1)CAT(3)CSCO(4)DIS(6)
趨勢值,0.3369077298
Stock#,AAPL(0)AXP(1)CAT(3)CSCO(4)DIS(6)
趨勢值,0.3295979485
Stock#,BA(2)CAT(3)CSCO(4)DIS(6)
趨勢值,0.3759444942
Stock#,AAPL(0)BA(2)CAT(3)CSCO(4)DIS(6)
趨勢值,0.3639584448
Stock#,AXP(1)BA(2)CAT(3)CSCO(4)DIS(6)
趨勢值,0.3586747063
Stock#,AAPL(0)AXP(1)BA(2)CAT(3)CSCO(4)DIS(6)
趨勢值,0.3500750298
Stock#,CVX(5)DIS(6)
趨勢值,0.3097822374
Stock#,AAPL(0)CVX(5)DIS(6)
趨勢值,0.3217487290
Stock#,AXP(1)CVX(5)DIS(6)
趨勢值,0.3070953017
Stock#,AAPL(0)AXP(1)CVX(5)DIS(6)
趨勢值,0.3117180352
Stock#,BA(2)CVX(5)DIS(6)
趨勢值,0.3462169764
Stock#,AAPL(0)BA(2)CVX(5)DIS(6)
趨勢值,0.3533089207
Stock#,AXP(1)BA(2)CVX(5)DIS(6)
趨勢值,0.3410990374
Stock#,AAPL(0)AXP(1)BA(2)CVX(5)DIS(6)
趨勢值,0.3396326512
Stock#,CAT(3)CVX(5)DIS(6)
趨勢值,0.5436324459
Stock#,AAPL(0)CAT(3)CVX(5)DIS(6)
趨勢值,0.4344114729
Stock#,AXP(1)CAT(3)CVX(5)DIS(6)
趨勢值,0.4450452734
Stock#,AAPL(0)AXP(1)CAT(3)CVX(5)DIS(6)
趨勢值,0.3949476078
Stock#,BA(2)CAT(3)CVX(5)DIS(6)
趨勢值,0.4855176514
Stock#,AAPL(0)BA(2)CAT(3)CVX(5)DIS(6)
趨勢值,0.4417348314
Stock#,AXP(1)BA(2)CAT(3)CVX(5)DIS(6)
趨勢值,0.4424482179
Stock#,AAPL(0)AXP(1)BA(2)CAT(3)CVX(5)DIS(6)
趨勢值,0.4095028666
Stock#,CSCO(4)CVX(5)DIS(6)
趨勢值,0.2531362633
Stock#,AAPL(0)CSCO(4)CVX(5)DIS(6)
趨勢值,0.2760150270
Stock#,AXP(1)CSCO(4)CVX(5)DIS(6)
趨勢值,0.2612818961
Stock#,AAPL(0)AXP(1)CSCO(4)CVX(5)DIS(6)
趨勢值,0.2767331190
Stock#,BA(2)CSCO(4)CVX(5)DIS(6)
趨勢值,0.2900336734
Stock#,AAPL(0)BA(2)CSCO(4)CVX(5)DIS(6)
趨勢值,0.3033535762
Stock#,AXP(1)BA(2)CSCO(4)CVX(5)DIS(6)
趨勢值,0.2916605113
Stock#,AAPL(0)AXP(1)BA(2)CSCO(4)CVX(5)DIS(6)
趨勢值,0.3004200869
Stock#,CAT(3)CSCO(4)CVX(5)DIS(6)
趨勢值,0.3614360045
Stock#,AAPL(0)CAT(3)CSCO(4)CVX(5)DIS(6)
趨勢值,0.3474320750
Stock#,AXP(1)CAT(3)CSCO(4)CVX(5)DIS(6)
趨勢值,0.3425057084
Stock#,AAPL(0)AXP(1)CAT(3)CSCO(4)CVX(5)DIS(6)
趨勢值,0.3350876915
Stock#,BA(2)CAT(3)CSCO(4)CVX(5)DIS(6)
趨勢值,0.3751906863
Stock#,AAPL(0)BA(2)CAT(3)CSCO(4)CVX(5)DIS(6)
趨勢值,0.3648346754
Stock#,AXP(1)BA(2)CAT(3)CSCO(4)CVX(5)DIS(6)
趨勢值,0.3597655884
Stock#,AAPL(0)AXP(1)BA(2)CAT(3)CSCO(4)CVX(5)DIS(6)
趨勢值,0.3521561763
Stock#,DD(7)
趨勢值,-0.1114029266
Stock#,AAPL(0)DD(7)
趨勢值,0.3559976442
Stock#,AXP(1)DD(7)
趨勢值,0.2840409599
Stock#,AAPL(0)AXP(1)DD(7)
趨勢值,0.3284904787
Stock#,BA(2)DD(7)
趨勢值,0.1670852041
Stock#,AAPL(0)BA(2)DD(7)
趨勢值,0.3961705887
Stock#,AXP(1)BA(2)DD(7)
趨勢值,0.3445557534
Stock#,AAPL(0)AXP(1)BA(2)DD(7)
趨勢值,0.3686693192
Stock#,CAT(3)DD(7)
趨勢值,0.2727157424
Stock#,AAPL(0)CAT(3)DD(7)
趨勢值,0.5881105754
Stock#,AXP(1)CAT(3)DD(7)
趨勢值,0.6017543636
Stock#,AAPL(0)AXP(1)CAT(3)DD(7)
趨勢值,0.4674336209
Stock#,BA(2)CAT(3)DD(7)
趨勢值,0.3887743973
Stock#,AAPL(0)BA(2)CAT(3)DD(7)
趨勢值,0.5335789317
Stock#,AXP(1)BA(2)CAT(3)DD(7)
趨勢值,0.5040920770
Stock#,AAPL(0)AXP(1)BA(2)CAT(3)DD(7)
趨勢值,0.4703685476
Stock#,CSCO(4)DD(7)
趨勢值,0.1845023073
Stock#,AAPL(0)CSCO(4)DD(7)
趨勢值,0.2664280258
Stock#,AXP(1)CSCO(4)DD(7)
趨勢值,0.2359602796
Stock#,AAPL(0)AXP(1)CSCO(4)DD(7)
趨勢值,0.2705450276
Stock#,BA(2)CSCO(4)DD(7)
趨勢值,0.2642922106
Stock#,AAPL(0)BA(2)CSCO(4)DD(7)
趨勢值,0.3077446985
Stock#,AXP(1)BA(2)CSCO(4)DD(7)
趨勢值,0.2857817176
Stock#,AAPL(0)AXP(1)BA(2)CSCO(4)DD(7)
趨勢值,0.3040318721
Stock#,CAT(3)CSCO(4)DD(7)
趨勢值,0.4043628533
Stock#,AAPL(0)CAT(3)CSCO(4)DD(7)
趨勢值,0.3768011904
Stock#,AXP(1)CAT(3)CSCO(4)DD(7)
趨勢值,0.3708636426
Stock#,AAPL(0)AXP(1)CAT(3)CSCO(4)DD(7)
趨勢值,0.3529079643
Stock#,BA(2)CAT(3)CSCO(4)DD(7)
趨勢值,0.3976905478
Stock#,AAPL(0)BA(2)CAT(3)CSCO(4)DD(7)
趨勢值,0.3941887406
Stock#,AXP(1)BA(2)CAT(3)CSCO(4)DD(7)
趨勢值,0.3847274711
Stock#,AAPL(0)AXP(1)BA(2)CAT(3)CSCO(4)DD(7)
趨勢值,0.3729883680
Stock#,CVX(5)DD(7)
趨勢值,0.2151805590
Stock#,AAPL(0)CVX(5)DD(7)
趨勢值,0.3760010050
Stock#,AXP(1)CVX(5)DD(7)
趨勢值,0.3534808917
Stock#,AAPL(0)AXP(1)CVX(5)DD(7)
趨勢值,0.3426672556
Stock#,BA(2)CVX(5)DD(7)
趨勢值,0.3084266034
Stock#,AAPL(0)BA(2)CVX(5)DD(7)
趨勢值,0.3953143059
Stock#,AXP(1)BA(2)CVX(5)DD(7)
趨勢值,0.3668755634
Stock#,AAPL(0)AXP(1)BA(2)CVX(5)DD(7)
趨勢值,0.3698550814
Stock#,CAT(3)CVX(5)DD(7)
趨勢值,0.5557569441
Stock#,AAPL(0)CAT(3)CVX(5)DD(7)
趨勢值,0.5364112792
Stock#,AXP(1)CAT(3)CVX(5)DD(7)
趨勢值,0.5538172988
Stock#,AAPL(0)AXP(1)CAT(3)CVX(5)DD(7)
趨勢值,0.4515328799
Stock#,BA(2)CAT(3)CVX(5)DD(7)
趨勢值,0.4737837493
Stock#,AAPL(0)BA(2)CAT(3)CVX(5)DD(7)
趨勢值,0.5039620015
Stock#,AXP(1)BA(2)CAT(3)CVX(5)DD(7)
趨勢值,0.4900143291
Stock#,AAPL(0)AXP(1)BA(2)CAT(3)CVX(5)DD(7)
趨勢值,0.4541354646
Stock#,CSCO(4)CVX(5)DD(7)
趨勢值,0.2521942679
Stock#,AAPL(0)CSCO(4)CVX(5)DD(7)
趨勢值,0.2878063955
Stock#,AXP(1)CSCO(4)CVX(5)DD(7)
趨勢值,0.2669965236
Stock#,AAPL(0)AXP(1)CSCO(4)CVX(5)DD(7)
趨勢值,0.2861064168
Stock#,BA(2)CSCO(4)CVX(5)DD(7)
趨勢值,0.2943413379
Stock#,AAPL(0)BA(2)CSCO(4)CVX(5)DD(7)
趨勢值,0.3180466399
Stock#,AXP(1)BA(2)CSCO(4)CVX(5)DD(7)
趨勢值,0.3012364267
Stock#,AAPL(0)AXP(1)BA(2)CSCO(4)CVX(5)DD(7)
趨勢值,0.3125063547
Stock#,CAT(3)CSCO(4)CVX(5)DD(7)
趨勢值,0.4048214029
Stock#,AAPL(0)CAT(3)CSCO(4)CVX(5)DD(7)
趨勢值,0.3782179753
Stock#,AXP(1)CAT(3)CSCO(4)CVX(5)DD(7)
趨勢值,0.3727270983
Stock#,AAPL(0)AXP(1)CAT(3)CSCO(4)CVX(5)DD(7)
趨勢值,0.3568032305
Stock#,BA(2)CAT(3)CSCO(4)CVX(5)DD(7)
趨勢值,0.3996445702
Stock#,AAPL(0)BA(2)CAT(3)CSCO(4)CVX(5)DD(7)
趨勢值,0.3914496743
Stock#,AXP(1)BA(2)CAT(3)CSCO(4)CVX(5)DD(7)
趨勢值,0.3833847467
Stock#,AAPL(0)AXP(1)BA(2)CAT(3)CSCO(4)CVX(5)DD(7)
趨勢值,0.3728621502
Stock#,DIS(6)DD(7)
趨勢值,0.1237702919
Stock#,AAPL(0)DIS(6)DD(7)
趨勢值,0.3315252716
Stock#,AXP(1)DIS(6)DD(7)
趨勢值,0.2949186299
Stock#,AAPL(0)AXP(1)DIS(6)DD(7)
趨勢值,0.3225408573
Stock#,BA(2)DIS(6)DD(7)
趨勢值,0.2886769017
Stock#,AAPL(0)BA(2)DIS(6)DD(7)
趨勢值,0.3796066305
Stock#,AXP(1)BA(2)DIS(6)DD(7)
趨勢值,0.3549241218
Stock#,AAPL(0)AXP(1)BA(2)DIS(6)DD(7)
趨勢值,0.3605557022
Stock#,CAT(3)DIS(6)DD(7)
趨勢值,0.5043657417
Stock#,AAPL(0)CAT(3)DIS(6)DD(7)
趨勢值,0.5083553675
Stock#,AXP(1)CAT(3)DIS(6)DD(7)
趨勢值,0.5317951645
Stock#,AAPL(0)AXP(1)CAT(3)DIS(6)DD(7)
趨勢值,0.4385691294
Stock#,BA(2)CAT(3)DIS(6)DD(7)
趨勢值,0.4916334254
Stock#,AAPL(0)BA(2)CAT(3)DIS(6)DD(7)
趨勢值,0.5025001688
Stock#,AXP(1)BA(2)CAT(3)DIS(6)DD(7)
趨勢值,0.4996141535
Stock#,AAPL(0)AXP(1)BA(2)CAT(3)DIS(6)DD(7)
趨勢值,0.4518479953
Stock#,CSCO(4)DIS(6)DD(7)
趨勢值,0.2289729652
Stock#,AAPL(0)CSCO(4)DIS(6)DD(7)
趨勢值,0.2755703412
Stock#,AXP(1)CSCO(4)DIS(6)DD(7)
趨勢值,0.2543160947
Stock#,AAPL(0)AXP(1)CSCO(4)DIS(6)DD(7)
趨勢值,0.2779006314
Stock#,BA(2)CSCO(4)DIS(6)DD(7)
趨勢值,0.2875796975
Stock#,AAPL(0)BA(2)CSCO(4)DIS(6)DD(7)
趨勢值,0.3118418135
Stock#,AXP(1)BA(2)CSCO(4)DIS(6)DD(7)
趨勢值,0.2962823771
Stock#,AAPL(0)AXP(1)BA(2)CSCO(4)DIS(6)DD(7)
趨勢值,0.3078316051
Stock#,CAT(3)CSCO(4)DIS(6)DD(7)
趨勢值,0.3965384830
Stock#,AAPL(0)CAT(3)CSCO(4)DIS(6)DD(7)
趨勢值,0.3704550247
Stock#,AXP(1)CAT(3)CSCO(4)DIS(6)DD(7)
趨勢值,0.3670385239
Stock#,AAPL(0)AXP(1)CAT(3)CSCO(4)DIS(6)DD(7)
趨勢值,0.3513344653
Stock#,BA(2)CAT(3)CSCO(4)DIS(6)DD(7)
趨勢值,0.4043889932
Stock#,AAPL(0)BA(2)CAT(3)CSCO(4)DIS(6)DD(7)
趨勢值,0.3897556133
Stock#,AXP(1)BA(2)CAT(3)CSCO(4)DIS(6)DD(7)
趨勢值,0.3847018406
Stock#,AAPL(0)AXP(1)BA(2)CAT(3)CSCO(4)DIS(6)DD(7)
趨勢值,0.3710137521
Stock#,CVX(5)DIS(6)DD(7)
趨勢值,0.3052535920
Stock#,AAPL(0)CVX(5)DIS(6)DD(7)
趨勢值,0.3538594927
Stock#,AXP(1)CVX(5)DIS(6)DD(7)
趨勢值,0.3366503131
Stock#,AAPL(0)AXP(1)CVX(5)DIS(6)DD(7)
趨勢值,0.3363691404
Stock#,BA(2)CVX(5)DIS(6)DD(7)
趨勢值,0.3540977719
Stock#,AAPL(0)BA(2)CVX(5)DIS(6)DD(7)
趨勢值,0.3829791657
Stock#,AXP(1)BA(2)CVX(5)DIS(6)DD(7)
趨勢值,0.3669791333
Stock#,AAPL(0)AXP(1)BA(2)CVX(5)DIS(6)DD(7)
趨勢值,0.3638261619
Stock#,CAT(3)CVX(5)DIS(6)DD(7)
趨勢值,0.5816086427
Stock#,AAPL(0)CAT(3)CVX(5)DIS(6)DD(7)
趨勢值,0.4868033006
Stock#,AXP(1)CAT(3)CVX(5)DIS(6)DD(7)
趨勢值,0.5017050853
Stock#,AAPL(0)AXP(1)CAT(3)CVX(5)DIS(6)DD(7)
趨勢值,0.4311096641
Stock#,BA(2)CAT(3)CVX(5)DIS(6)DD(7)
趨勢值,0.5069809771
Stock#,AAPL(0)BA(2)CAT(3)CVX(5)DIS(6)DD(7)
趨勢值,0.4817268291
Stock#,AXP(1)BA(2)CAT(3)CVX(5)DIS(6)DD(7)
趨勢值,0.4798913151
Stock#,AAPL(0)AXP(1)BA(2)CAT(3)CVX(5)DIS(6)DD(7)
趨勢值,0.4408148105
Stock#,CSCO(4)CVX(5)DIS(6)DD(7)
趨勢值,0.2698324690
Stock#,AAPL(0)CSCO(4)CVX(5)DIS(6)DD(7)
趨勢值,0.2929157517
Stock#,AXP(1)CSCO(4)CVX(5)DIS(6)DD(7)
趨勢值,0.2774412989
Stock#,AAPL(0)AXP(1)CSCO(4)CVX(5)DIS(6)DD(7)
趨勢值,0.2910452306
Stock#,BA(2)CSCO(4)CVX(5)DIS(6)DD(7)
趨勢值,0.3071558164
Stock#,AAPL(0)BA(2)CSCO(4)CVX(5)DIS(6)DD(7)
趨勢值,0.3207402503
Stock#,AXP(1)BA(2)CSCO(4)CVX(5)DIS(6)DD(7)
趨勢值,0.3083000479
Stock#,AAPL(0)AXP(1)BA(2)CSCO(4)CVX(5)DIS(6)DD(7)
趨勢值,0.3153153618
Stock#,CAT(3)CSCO(4)CVX(5)DIS(6)DD(7)
趨勢值,0.3965149063
Stock#,AAPL(0)CAT(3)CSCO(4)CVX(5)DIS(6)DD(7)
趨勢值,0.3729720136
Stock#,AXP(1)CAT(3)CSCO(4)CVX(5)DIS(6)DD(7)
趨勢值,0.3695481941
Stock#,AAPL(0)AXP(1)CAT(3)CSCO(4)CVX(5)DIS(6)DD(7)
趨勢值,0.3552090746
Stock#,BA(2)CAT(3)CSCO(4)CVX(5)DIS(6)DD(7)
趨勢值,0.4018452203
Stock#,AAPL(0)BA(2)CAT(3)CSCO(4)CVX(5)DIS(6)DD(7)
趨勢值,0.3879824119
Stock#,AXP(1)BA(2)CAT(3)CSCO(4)CVX(5)DIS(6)DD(7)
趨勢值,0.3831336396
Stock#,AAPL(0)AXP(1)BA(2)CAT(3)CSCO(4)CVX(5)DIS(6)DD(7)
趨勢值,0.3712764806
Stock#,GS(8)
趨勢值,0.3552010063
Stock#,AAPL(0)GS(8)
趨勢值,0.3546324760
Stock#,AXP(1)GS(8)
趨勢值,0.3415446681
Stock#,AAPL(0)AXP(1)GS(8)
趨勢值,0.3313279244
Stock#,BA(2)GS(8)
趨勢值,0.4005810674
Stock#,AAPL(0)BA(2)GS(8)
趨勢值,0.3939606285
Stock#,AXP(1)BA(2)GS(8)
趨勢值,0.3831518973
Stock#,AAPL(0)AXP(1)BA(2)GS(8)
趨勢值,0.3656351247
Stock#,CAT(3)GS(8)
趨勢值,0.6765410848
Stock#,AAPL(0)CAT(3)GS(8)
趨勢值,0.4941840447
Stock#,AXP(1)CAT(3)GS(8)
趨勢值,0.5175627017
Stock#,AAPL(0)AXP(1)CAT(3)GS(8)
趨勢值,0.4288266715
Stock#,BA(2)CAT(3)GS(8)
趨勢值,0.5607418319
Stock#,AAPL(0)BA(2)CAT(3)GS(8)
趨勢值,0.4965456154
Stock#,AXP(1)BA(2)CAT(3)GS(8)
趨勢值,0.5008029517
Stock#,AAPL(0)AXP(1)BA(2)CAT(3)GS(8)
趨勢值,0.4447940930
Stock#,CSCO(4)GS(8)
趨勢值,0.2625814678
Stock#,AAPL(0)CSCO(4)GS(8)
趨勢值,0.2861722479
Stock#,AXP(1)CSCO(4)GS(8)
趨勢值,0.2694187695
Stock#,AAPL(0)AXP(1)CSCO(4)GS(8)
趨勢值,0.2845158137
Stock#,BA(2)CSCO(4)GS(8)
趨勢值,0.3096467766
Stock#,AAPL(0)BA(2)CSCO(4)GS(8)
趨勢值,0.3190384952
Stock#,AXP(1)BA(2)CSCO(4)GS(8)
趨勢值,0.3066213106
Stock#,AAPL(0)AXP(1)BA(2)CSCO(4)GS(8)
趨勢值,0.3122724516
Stock#,CAT(3)CSCO(4)GS(8)
趨勢值,0.3965796508
Stock#,AAPL(0)CAT(3)CSCO(4)GS(8)
趨勢值,0.3684115948
Stock#,AXP(1)CAT(3)CSCO(4)GS(8)
趨勢值,0.3646480638
Stock#,AAPL(0)AXP(1)CAT(3)CSCO(4)GS(8)
趨勢值,0.3499229123
Stock#,BA(2)CAT(3)CSCO(4)GS(8)
趨勢值,0.4086681665
Stock#,AAPL(0)BA(2)CAT(3)CSCO(4)GS(8)
趨勢值,0.3881031327
Stock#,AXP(1)BA(2)CAT(3)CSCO(4)GS(8)
趨勢值,0.3838400930
Stock#,AAPL(0)AXP(1)BA(2)CAT(3)CSCO(4)GS(8)
趨勢值,0.3693789477
Stock#,CVX(5)GS(8)
趨勢值,0.3886506801
Stock#,AAPL(0)CVX(5)GS(8)
趨勢值,0.3620247053
Stock#,AXP(1)CVX(5)GS(8)
趨勢值,0.3523038496
Stock#,AAPL(0)AXP(1)CVX(5)GS(8)
趨勢值,0.3398514572
Stock#,BA(2)CVX(5)GS(8)
趨勢值,0.4010911295
Stock#,AAPL(0)BA(2)CVX(5)GS(8)
趨勢值,0.3889285975
Stock#,AXP(1)BA(2)CVX(5)GS(8)
趨勢值,0.3791727333
Stock#,AAPL(0)AXP(1)BA(2)CVX(5)GS(8)
趨勢值,0.3658340521
Stock#,CAT(3)CVX(5)GS(8)
趨勢值,0.5893678068
Stock#,AAPL(0)CAT(3)CVX(5)GS(8)
趨勢值,0.4709284528
Stock#,AXP(1)CAT(3)CVX(5)GS(8)
趨勢值,0.4819037112
Stock#,AAPL(0)AXP(1)CAT(3)CVX(5)GS(8)
趨勢值,0.4213424617
Stock#,BA(2)CAT(3)CVX(5)GS(8)
趨勢值,0.5247895499
Stock#,AAPL(0)BA(2)CAT(3)CVX(5)GS(8)
趨勢值,0.4735978324
Stock#,AXP(1)BA(2)CAT(3)CVX(5)GS(8)
趨勢值,0.4741903255
Stock#,AAPL(0)AXP(1)BA(2)CAT(3)CVX(5)GS(8)
趨勢值,0.4338009926
Stock#,CSCO(4)CVX(5)GS(8)
趨勢值,0.2867459302
Stock#,AAPL(0)CSCO(4)CVX(5)GS(8)
趨勢值,0.2991310403
Stock#,AXP(1)CSCO(4)CVX(5)GS(8)
趨勢值,0.2860768758
Stock#,AAPL(0)AXP(1)CSCO(4)CVX(5)GS(8)
趨勢值,0.2951891268
Stock#,BA(2)CSCO(4)CVX(5)GS(8)
趨勢值,0.3196525334
Stock#,AAPL(0)BA(2)CSCO(4)CVX(5)GS(8)
趨勢值,0.3251256303
Stock#,AXP(1)BA(2)CSCO(4)CVX(5)GS(8)
趨勢值,0.3146179926
Stock#,AAPL(0)AXP(1)BA(2)CSCO(4)CVX(5)GS(8)
趨勢值,0.3181337902
Stock#,CAT(3)CSCO(4)CVX(5)GS(8)
趨勢值,0.3917955452
Stock#,AAPL(0)CAT(3)CSCO(4)CVX(5)GS(8)
趨勢值,0.3696682944
Stock#,AXP(1)CAT(3)CSCO(4)CVX(5)GS(8)
趨勢值,0.3657288803
Stock#,AAPL(0)AXP(1)CAT(3)CSCO(4)CVX(5)GS(8)
趨勢值,0.3529937775
Stock#,BA(2)CAT(3)CSCO(4)CVX(5)GS(8)
趨勢值,0.4017453046
Stock#,AAPL(0)BA(2)CAT(3)CSCO(4)CVX(5)GS(8)
趨勢值,0.3855160142
Stock#,AXP(1)BA(2)CAT(3)CSCO(4)CVX(5)GS(8)
趨勢值,0.3810678863
Stock#,AAPL(0)AXP(1)BA(2)CAT(3)CSCO(4)CVX(5)GS(8)
趨勢值,0.3691813037
Stock#,DIS(6)GS(8)
趨勢值,0.3691244900
Stock#,AAPL(0)DIS(6)GS(8)
趨勢值,0.3502840475
Stock#,AXP(1)DIS(6)GS(8)
趨勢值,0.3427331665
Stock#,AAPL(0)AXP(1)DIS(6)GS(8)
趨勢值,0.3324507023
Stock#,BA(2)DIS(6)GS(8)
趨勢值,0.4116335829
Stock#,AAPL(0)BA(2)DIS(6)GS(8)
趨勢值,0.3865517432
Stock#,AXP(1)BA(2)DIS(6)GS(8)
趨勢值,0.3816361942
Stock#,AAPL(0)AXP(1)BA(2)DIS(6)GS(8)
趨勢值,0.3633773577
Stock#,CAT(3)DIS(6)GS(8)
趨勢值,0.6313668585
Stock#,AAPL(0)CAT(3)DIS(6)GS(8)
趨勢值,0.4691523049
Stock#,AXP(1)CAT(3)DIS(6)GS(8)
趨勢值,0.4900168069
Stock#,AAPL(0)AXP(1)CAT(3)DIS(6)GS(8)
趨勢值,0.4189505666
Stock#,BA(2)CAT(3)DIS(6)GS(8)
趨勢值,0.5632485503
Stock#,AAPL(0)BA(2)CAT(3)DIS(6)GS(8)
趨勢值,0.4797258984
Stock#,AXP(1)BA(2)CAT(3)DIS(6)GS(8)
趨勢值,0.4891751456
Stock#,AAPL(0)AXP(1)BA(2)CAT(3)DIS(6)GS(8)
趨勢值,0.4360384757
Stock#,CSCO(4)DIS(6)GS(8)
趨勢值,0.2808800060
Stock#,AAPL(0)CSCO(4)DIS(6)GS(8)
趨勢值,0.2938377775
Stock#,AXP(1)CSCO(4)DIS(6)GS(8)
趨勢值,0.2816546487
Stock#,AAPL(0)AXP(1)CSCO(4)DIS(6)GS(8)
趨勢值,0.2910829129
Stock#,BA(2)CSCO(4)DIS(6)GS(8)
趨勢值,0.3203827617
Stock#,AAPL(0)BA(2)CSCO(4)DIS(6)GS(8)
趨勢值,0.3231185998
Stock#,AXP(1)BA(2)CSCO(4)DIS(6)GS(8)
趨勢值,0.3140940667
Stock#,AAPL(0)AXP(1)BA(2)CSCO(4)DIS(6)GS(8)
趨勢值,0.3162116532
Stock#,CAT(3)CSCO(4)DIS(6)GS(8)
趨勢值,0.3954732533
Stock#,AAPL(0)CAT(3)CSCO(4)DIS(6)GS(8)
趨勢值,0.3678247877
Stock#,AXP(1)CAT(3)CSCO(4)DIS(6)GS(8)
趨勢值,0.3662346444
Stock#,AAPL(0)AXP(1)CAT(3)CSCO(4)DIS(6)GS(8)
趨勢值,0.3511038784
Stock#,BA(2)CAT(3)CSCO(4)DIS(6)GS(8)
趨勢值,0.4100641097
Stock#,AAPL(0)BA(2)CAT(3)CSCO(4)DIS(6)GS(8)
趨勢值,0.3868124233
Stock#,AXP(1)BA(2)CAT(3)CSCO(4)DIS(6)GS(8)
趨勢值,0.3849365707
Stock#,AAPL(0)AXP(1)BA(2)CAT(3)CSCO(4)DIS(6)GS(8)
趨勢值,0.3694486232
Stock#,CVX(5)DIS(6)GS(8)
趨勢值,0.3810756723
Stock#,AAPL(0)CVX(5)DIS(6)GS(8)
趨勢值,0.3576744432
Stock#,AXP(1)CVX(5)DIS(6)GS(8)
趨勢值,0.3516147278
Stock#,AAPL(0)AXP(1)CVX(5)DIS(6)GS(8)
趨勢值,0.3399665459
Stock#,BA(2)CVX(5)DIS(6)GS(8)
趨勢值,0.4038834563
Stock#,AAPL(0)BA(2)CVX(5)DIS(6)GS(8)
趨勢值,0.3840013469
Stock#,AXP(1)BA(2)CVX(5)DIS(6)GS(8)
趨勢值,0.3786123682
Stock#,AAPL(0)AXP(1)BA(2)CVX(5)DIS(6)GS(8)
趨勢值,0.3642248947
Stock#,CAT(3)CVX(5)DIS(6)GS(8)
趨勢值,0.5530061530
Stock#,AAPL(0)CAT(3)CVX(5)DIS(6)GS(8)
趨勢值,0.4537518302
Stock#,AXP(1)CAT(3)CVX(5)DIS(6)GS(8)
趨勢值,0.4648944741
Stock#,AAPL(0)AXP(1)CAT(3)CVX(5)DIS(6)GS(8)
趨勢值,0.4137482949
Stock#,BA(2)CAT(3)CVX(5)DIS(6)GS(8)
趨勢值,0.5197309699
Stock#,AAPL(0)BA(2)CAT(3)CVX(5)DIS(6)GS(8)
趨勢值,0.4620104969
Stock#,AXP(1)BA(2)CAT(3)CVX(5)DIS(6)GS(8)
趨勢值,0.4663696198
Stock#,AAPL(0)AXP(1)BA(2)CAT(3)CVX(5)DIS(6)GS(8)
趨勢值,0.4273413701
Stock#,CSCO(4)CVX(5)DIS(6)GS(8)
趨勢值,0.2980417724
Stock#,AAPL(0)CSCO(4)CVX(5)DIS(6)GS(8)
趨勢值,0.3045436611
Stock#,AXP(1)CSCO(4)CVX(5)DIS(6)GS(8)
趨勢值,0.2946829756
Stock#,AAPL(0)AXP(1)CSCO(4)CVX(5)DIS(6)GS(8)
趨勢值,0.3001827927
Stock#,BA(2)CSCO(4)CVX(5)DIS(6)GS(8)
趨勢值,0.3273518453
Stock#,AAPL(0)BA(2)CSCO(4)CVX(5)DIS(6)GS(8)
趨勢值,0.3283281197
Stock#,AXP(1)BA(2)CSCO(4)CVX(5)DIS(6)GS(8)
趨勢值,0.3204255209
Stock#,AAPL(0)AXP(1)BA(2)CSCO(4)CVX(5)DIS(6)GS(8)
趨勢值,0.3213249218
Stock#,CAT(3)CSCO(4)CVX(5)DIS(6)GS(8)
趨勢值,0.3909671160
Stock#,AAPL(0)CAT(3)CSCO(4)CVX(5)DIS(6)GS(8)
趨勢值,0.3690188516
Stock#,AXP(1)CAT(3)CSCO(4)CVX(5)DIS(6)GS(8)
趨勢值,0.3668739267
Stock#,AAPL(0)AXP(1)CAT(3)CSCO(4)CVX(5)DIS(6)GS(8)
趨勢值,0.3537876908
Stock#,BA(2)CAT(3)CSCO(4)CVX(5)DIS(6)GS(8)
趨勢值,0.4028607451
Stock#,AAPL(0)BA(2)CAT(3)CSCO(4)CVX(5)DIS(6)GS(8)
趨勢值,0.3845943762
Stock#,AXP(1)BA(2)CAT(3)CSCO(4)CVX(5)DIS(6)GS(8)
趨勢值,0.3821076114
Stock#,AAPL(0)AXP(1)BA(2)CAT(3)CSCO(4)CVX(5)DIS(6)GS(8)
趨勢值,0.3692969724
Stock#,DD(7)GS(8)
趨勢值,0.2426161121
Stock#,AAPL(0)DD(7)GS(8)
趨勢值,0.4230780386
Stock#,AXP(1)DD(7)GS(8)
趨勢值,0.4140589734
Stock#,AAPL(0)AXP(1)DD(7)GS(8)
趨勢值,0.3724272499
Stock#,BA(2)DD(7)GS(8)
趨勢值,0.3922530553
Stock#,AAPL(0)BA(2)DD(7)GS(8)
趨勢值,0.4515100080
Stock#,AXP(1)BA(2)DD(7)GS(8)
趨勢值,0.4357785347
Stock#,AAPL(0)AXP(1)BA(2)DD(7)GS(8)
趨勢值,0.4048898018
Stock#,CAT(3)DD(7)GS(8)
趨勢值,0.5758126421
Stock#,AAPL(0)CAT(3)DD(7)GS(8)
趨勢值,0.5912218597
Stock#,AXP(1)CAT(3)DD(7)GS(8)
趨勢值,0.6204363951
Stock#,AAPL(0)AXP(1)CAT(3)DD(7)GS(8)
趨勢值,0.4855616330
Stock#,BA(2)CAT(3)DD(7)GS(8)
趨勢值,0.5573251839
Stock#,AAPL(0)BA(2)CAT(3)DD(7)GS(8)
趨勢值,0.5639408295
Stock#,AXP(1)BA(2)CAT(3)DD(7)GS(8)
趨勢值,0.5607191381
Stock#,AAPL(0)AXP(1)BA(2)CAT(3)DD(7)GS(8)
趨勢值,0.4922314792
Stock#,CSCO(4)DD(7)GS(8)
趨勢值,0.2974712147
Stock#,AAPL(0)CSCO(4)DD(7)GS(8)
趨勢值,0.3123053137
Stock#,AXP(1)CSCO(4)DD(7)GS(8)
趨勢值,0.2961601002
Stock#,AAPL(0)AXP(1)CSCO(4)DD(7)GS(8)
趨勢值,0.3045113637
Stock#,BA(2)CSCO(4)DD(7)GS(8)
趨勢值,0.3409373182
Stock#,AAPL(0)BA(2)CSCO(4)DD(7)GS(8)
趨勢值,0.3453490319
Stock#,AXP(1)BA(2)CSCO(4)DD(7)GS(8)
趨勢值,0.3330104361
Stock#,AAPL(0)AXP(1)BA(2)CSCO(4)DD(7)GS(8)
趨勢值,0.3329661770
Stock#,CAT(3)CSCO(4)DD(7)GS(8)
趨勢值,0.4580058082
Stock#,AAPL(0)CAT(3)CSCO(4)DD(7)GS(8)
趨勢值,0.4061696061
Stock#,AXP(1)CAT(3)CSCO(4)DD(7)GS(8)
趨勢值,0.4063225630
Stock#,AAPL(0)AXP(1)CAT(3)CSCO(4)DD(7)GS(8)
趨勢值,0.3773464309
Stock#,BA(2)CAT(3)CSCO(4)DD(7)GS(8)
趨勢值,0.4504460600
Stock#,AAPL(0)BA(2)CAT(3)CSCO(4)DD(7)GS(8)
趨勢值,0.4213904332
Stock#,AXP(1)BA(2)CAT(3)CSCO(4)DD(7)GS(8)
趨勢值,0.4182252792
Stock#,AAPL(0)AXP(1)BA(2)CAT(3)CSCO(4)DD(7)GS(8)
趨勢值,0.3951239342
Stock#,CVX(5)DD(7)GS(8)
趨勢值,0.4443897860
Stock#,AAPL(0)CVX(5)DD(7)GS(8)
趨勢值,0.4170688038
Stock#,AXP(1)CVX(5)DD(7)GS(8)
趨勢值,0.4120808302
Stock#,AAPL(0)AXP(1)CVX(5)DD(7)GS(8)
趨勢值,0.3754084602
Stock#,BA(2)CVX(5)DD(7)GS(8)
趨勢值,0.4341699561
Stock#,AAPL(0)BA(2)CVX(5)DD(7)GS(8)
趨勢值,0.4341812893
Stock#,AXP(1)BA(2)CVX(5)DD(7)GS(8)
趨勢值,0.4225797773
Stock#,AAPL(0)AXP(1)BA(2)CVX(5)DD(7)GS(8)
趨勢值,0.3986950825
Stock#,CAT(3)CVX(5)DD(7)GS(8)
趨勢值,0.6599114168
Stock#,AAPL(0)CAT(3)CVX(5)DD(7)GS(8)
趨勢值,0.5433151962
Stock#,AXP(1)CAT(3)CVX(5)DD(7)GS(8)
趨勢值,0.5609242452
Stock#,AAPL(0)AXP(1)CAT(3)CVX(5)DD(7)GS(8)
趨勢值,0.4675503706
Stock#,BA(2)CAT(3)CVX(5)DD(7)GS(8)
趨勢值,0.5619654430
Stock#,AAPL(0)BA(2)CAT(3)CVX(5)DD(7)GS(8)
趨勢值,0.5265076270
Stock#,AXP(1)BA(2)CAT(3)CVX(5)DD(7)GS(8)
趨勢值,0.5246443306
Stock#,AAPL(0)AXP(1)BA(2)CAT(3)CVX(5)DD(7)GS(8)
趨勢值,0.4727984396
Stock#,CSCO(4)CVX(5)DD(7)GS(8)
趨勢值,0.3196012055
Stock#,AAPL(0)CSCO(4)CVX(5)DD(7)GS(8)
趨勢值,0.3232515292
Stock#,AXP(1)CSCO(4)CVX(5)DD(7)GS(8)
趨勢值,0.3108670525
Stock#,AAPL(0)AXP(1)CSCO(4)CVX(5)DD(7)GS(8)
趨勢值,0.3140257211
Stock#,BA(2)CSCO(4)CVX(5)DD(7)GS(8)
趨勢值,0.3475816002
Stock#,AAPL(0)BA(2)CSCO(4)CVX(5)DD(7)GS(8)
趨勢值,0.3484688440
Stock#,AXP(1)BA(2)CSCO(4)CVX(5)DD(7)GS(8)
趨勢值,0.3379954009
Stock#,AAPL(0)AXP(1)BA(2)CSCO(4)CVX(5)DD(7)GS(8)
趨勢值,0.3369837707
Stock#,CAT(3)CSCO(4)CVX(5)DD(7)GS(8)
趨勢值,0.4408332753
Stock#,AAPL(0)CAT(3)CSCO(4)CVX(5)DD(7)GS(8)
趨勢值,0.4021091671
Stock#,AXP(1)CAT(3)CSCO(4)CVX(5)DD(7)GS(8)
趨勢值,0.4006852777
Stock#,AAPL(0)AXP(1)CAT(3)CSCO(4)CVX(5)DD(7)GS(8)
趨勢值,0.3774944600
Stock#,BA(2)CAT(3)CSCO(4)CVX(5)DD(7)GS(8)
趨勢值,0.4374112164
Stock#,AAPL(0)BA(2)CAT(3)CSCO(4)CVX(5)DD(7)GS(8)
趨勢值,0.4141566740
Stock#,AXP(1)BA(2)CAT(3)CSCO(4)CVX(5)DD(7)GS(8)
趨勢值,0.4104122417
Stock#,AAPL(0)AXP(1)BA(2)CAT(3)CSCO(4)CVX(5)DD(7)GS(8)
趨勢值,0.3920313686
Stock#,DIS(6)DD(7)GS(8)
趨勢值,0.3943916515
Stock#,AAPL(0)DIS(6)DD(7)GS(8)
趨勢值,0.3965780403
Stock#,AXP(1)DIS(6)DD(7)GS(8)
趨勢值,0.3935194463
Stock#,AAPL(0)AXP(1)DIS(6)DD(7)GS(8)
趨勢值,0.3645035939
Stock#,BA(2)DIS(6)DD(7)GS(8)
趨勢值,0.4479835167
Stock#,AAPL(0)BA(2)DIS(6)DD(7)GS(8)
趨勢值,0.4305730859
Stock#,AXP(1)BA(2)DIS(6)DD(7)GS(8)
趨勢值,0.4266045991
Stock#,AAPL(0)AXP(1)BA(2)DIS(6)DD(7)GS(8)
趨勢值,0.3954082221
Stock#,CAT(3)DIS(6)DD(7)GS(8)
趨勢值,0.7177722457
Stock#,AAPL(0)CAT(3)DIS(6)DD(7)GS(8)
趨勢值,0.5397539533
Stock#,AXP(1)CAT(3)DIS(6)DD(7)GS(8)
趨勢值,0.5744861705
Stock#,AAPL(0)AXP(1)CAT(3)DIS(6)DD(7)GS(8)
趨勢值,0.4640410334
Stock#,BA(2)CAT(3)DIS(6)DD(7)GS(8)
趨勢值,0.6142581960
Stock#,AAPL(0)BA(2)CAT(3)DIS(6)DD(7)GS(8)
趨勢值,0.5356244496
Stock#,AXP(1)BA(2)CAT(3)DIS(6)DD(7)GS(8)
趨勢值,0.5472103565
Stock#,AAPL(0)AXP(1)BA(2)CAT(3)DIS(6)DD(7)GS(8)
趨勢值,0.4760250855
Stock#,CSCO(4)DIS(6)DD(7)GS(8)
趨勢值,0.3105294996
Stock#,AAPL(0)CSCO(4)DIS(6)DD(7)GS(8)
趨勢值,0.3160863711
Stock#,AXP(1)CSCO(4)DIS(6)DD(7)GS(8)
趨勢值,0.3048206145
Stock#,AAPL(0)AXP(1)CSCO(4)DIS(6)DD(7)GS(8)
趨勢值,0.3088161679
Stock#,BA(2)CSCO(4)DIS(6)DD(7)GS(8)
趨勢值,0.3491264826
Stock#,AAPL(0)BA(2)CSCO(4)DIS(6)DD(7)GS(8)
趨勢值,0.3460038928
Stock#,AXP(1)BA(2)CSCO(4)DIS(6)DD(7)GS(8)
趨勢值,0.3376198099
Stock#,AAPL(0)AXP(1)BA(2)CSCO(4)DIS(6)DD(7)GS(8)
趨勢值,0.3346944515
Stock#,CAT(3)CSCO(4)DIS(6)DD(7)GS(8)
趨勢值,0.4471834926
Stock#,AAPL(0)CAT(3)CSCO(4)DIS(6)DD(7)GS(8)
趨勢值,0.3997359102
Stock#,AXP(1)CAT(3)CSCO(4)DIS(6)DD(7)GS(8)
趨勢值,0.4017641508
Stock#,AAPL(0)AXP(1)CAT(3)CSCO(4)DIS(6)DD(7)GS(8)
趨勢值,0.3751746779
Stock#,BA(2)CAT(3)CSCO(4)DIS(6)DD(7)GS(8)
趨勢值,0.4496817401
Stock#,AAPL(0)BA(2)CAT(3)CSCO(4)DIS(6)DD(7)GS(8)
趨勢值,0.4160754085
Stock#,AXP(1)BA(2)CAT(3)CSCO(4)DIS(6)DD(7)GS(8)
趨勢值,0.4159569431
Stock#,AAPL(0)AXP(1)BA(2)CAT(3)CSCO(4)DIS(6)DD(7)GS(8)
趨勢值,0.3925231346
Stock#,CVX(5)DIS(6)DD(7)GS(8)
趨勢值,0.4379989308
Stock#,AAPL(0)CVX(5)DIS(6)DD(7)GS(8)
趨勢值,0.3981065537
Stock#,AXP(1)CVX(5)DIS(6)DD(7)GS(8)
趨勢值,0.3958476596
Stock#,AAPL(0)AXP(1)CVX(5)DIS(6)DD(7)GS(8)
趨勢值,0.3688189966
Stock#,BA(2)CVX(5)DIS(6)DD(7)GS(8)
趨勢值,0.4449207852
Stock#,AAPL(0)BA(2)CVX(5)DIS(6)DD(7)GS(8)
趨勢值,0.4206420397
Stock#,AXP(1)BA(2)CVX(5)DIS(6)DD(7)GS(8)
趨勢值,0.4159893862
Stock#,AAPL(0)AXP(1)BA(2)CVX(5)DIS(6)DD(7)GS(8)
趨勢值,0.3920169986
Stock#,CAT(3)CVX(5)DIS(6)DD(7)GS(8)
趨勢值,0.6458786343
Stock#,AAPL(0)CAT(3)CVX(5)DIS(6)DD(7)GS(8)
趨勢值,0.5095814965
Stock#,AXP(1)CAT(3)CVX(5)DIS(6)DD(7)GS(8)
趨勢值,0.5287995154
Stock#,AAPL(0)AXP(1)CAT(3)CVX(5)DIS(6)DD(7)GS(8)
趨勢值,0.4518342625
Stock#,BA(2)CAT(3)CVX(5)DIS(6)DD(7)GS(8)
趨勢值,0.5720278697
Stock#,AAPL(0)BA(2)CAT(3)CVX(5)DIS(6)DD(7)GS(8)
趨勢值,0.5070206228
Stock#,AXP(1)BA(2)CAT(3)CVX(5)DIS(6)DD(7)GS(8)
趨勢值,0.5129552562
Stock#,AAPL(0)AXP(1)BA(2)CAT(3)CVX(5)DIS(6)DD(7)GS(8)
趨勢值,0.4610835860
Stock#,CSCO(4)CVX(5)DIS(6)DD(7)GS(8)
趨勢值,0.3258706773
Stock#,AAPL(0)CSCO(4)CVX(5)DIS(6)DD(7)GS(8)
趨勢值,0.3254179294
Stock#,AXP(1)CSCO(4)CVX(5)DIS(6)DD(7)GS(8)
趨勢值,0.3163866514
Stock#,AAPL(0)AXP(1)CSCO(4)CVX(5)DIS(6)DD(7)GS(8)
趨勢值,0.3170321536
Stock#,BA(2)CSCO(4)CVX(5)DIS(6)DD(7)GS(8)
趨勢值,0.3528713553
Stock#,AAPL(0)BA(2)CSCO(4)CVX(5)DIS(6)DD(7)GS(8)
趨勢值,0.3490117685
Stock#,AXP(1)BA(2)CSCO(4)CVX(5)DIS(6)DD(7)GS(8)
趨勢值,0.3415478565
Stock#,AAPL(0)AXP(1)BA(2)CSCO(4)CVX(5)DIS(6)DD(7)GS(8)
趨勢值,0.3383764137
Stock#,CAT(3)CSCO(4)CVX(5)DIS(6)DD(7)GS(8)
趨勢值,0.4328855949
Stock#,AAPL(0)CAT(3)CSCO(4)CVX(5)DIS(6)DD(7)GS(8)
趨勢值,0.3970472466
Stock#,AXP(1)CAT(3)CSCO(4)CVX(5)DIS(6)DD(7)GS(8)
趨勢值,0.3973280965
Stock#,AAPL(0)AXP(1)CAT(3)CSCO(4)CVX(5)DIS(6)DD(7)GS(8)
趨勢值,0.3756019165
Stock#,BA(2)CAT(3)CSCO(4)CVX(5)DIS(6)DD(7)GS(8)
趨勢值,0.4361488385
Stock#,AAPL(0)BA(2)CAT(3)CSCO(4)CVX(5)DIS(6)DD(7)GS(8)
趨勢值,0.4101977450
Stock#,AXP(1)BA(2)CAT(3)CSCO(4)CVX(5)DIS(6)DD(7)GS(8)
趨勢值,0.4088711945
Stock#,AAPL(0)AXP(1)BA(2)CAT(3)CSCO(4)CVX(5)DIS(6)DD(7)GS(8)
趨勢值,0.3900215796
Stock#,HD(9)
趨勢值,0.3350333045
Stock#,AAPL(0)HD(9)
趨勢值,0.3390795706
Stock#,AXP(1)HD(9)
趨勢值,0.3278269866
Stock#,AAPL(0)AXP(1)HD(9)
趨勢值,0.3231755310
Stock#,BA(2)HD(9)
趨勢值,0.3594696550
Stock#,AAPL(0)BA(2)HD(9)
趨勢值,0.3706166245
Stock#,AXP(1)BA(2)HD(9)
趨勢值,0.3587300950
Stock#,AAPL(0)AXP(1)BA(2)HD(9)
趨勢值,0.3522483034
Stock#,CAT(3)HD(9)
趨勢值,0.6626701618
Stock#,AAPL(0)CAT(3)HD(9)
趨勢值,0.4721529586
Stock#,AXP(1)CAT(3)HD(9)
趨勢值,0.4976566722
Stock#,AAPL(0)AXP(1)CAT(3)HD(9)
趨勢值,0.4172076891
Stock#,BA(2)CAT(3)HD(9)
趨勢值,0.5207226078
Stock#,AAPL(0)BA(2)CAT(3)HD(9)
趨勢值,0.4698912936
Stock#,AXP(1)BA(2)CAT(3)HD(9)
趨勢值,0.4738131345
Stock#,AAPL(0)AXP(1)BA(2)CAT(3)HD(9)
趨勢值,0.4290706570
Stock#,CSCO(4)HD(9)
趨勢值,0.2619077617
Stock#,AAPL(0)CSCO(4)HD(9)
趨勢值,0.2830613273
Stock#,AXP(1)CSCO(4)HD(9)
趨勢值,0.2682801711
Stock#,AAPL(0)AXP(1)CSCO(4)HD(9)
趨勢值,0.2822865003
Stock#,BA(2)CSCO(4)HD(9)
趨勢值,0.3001142819
Stock#,AAPL(0)BA(2)CSCO(4)HD(9)
趨勢值,0.3118547342
Stock#,AXP(1)BA(2)CSCO(4)HD(9)
趨勢值,0.3001830604
Stock#,AAPL(0)AXP(1)BA(2)CSCO(4)HD(9)
趨勢值,0.3072208924
Stock#,CAT(3)CSCO(4)HD(9)
趨勢值,0.3908386161
Stock#,AAPL(0)CAT(3)CSCO(4)HD(9)
趨勢值,0.3627233172
Stock#,AXP(1)CAT(3)CSCO(4)HD(9)
趨勢值,0.3605265298
Stock#,AAPL(0)AXP(1)CAT(3)CSCO(4)HD(9)
趨勢值,0.3460127216
Stock#,BA(2)CAT(3)CSCO(4)HD(9)
趨勢值,0.3960582182
Stock#,AAPL(0)BA(2)CAT(3)CSCO(4)HD(9)
趨勢值,0.3789896307
Stock#,AXP(1)BA(2)CAT(3)CSCO(4)HD(9)
趨勢值,0.3752662436
Stock#,AAPL(0)AXP(1)BA(2)CAT(3)CSCO(4)HD(9)
趨勢值,0.3629624310
Stock#,CVX(5)HD(9)
趨勢值,0.3754391039
Stock#,AAPL(0)CVX(5)HD(9)
趨勢值,0.3515930339
Stock#,AXP(1)CVX(5)HD(9)
趨勢值,0.3443169467
Stock#,AAPL(0)AXP(1)CVX(5)HD(9)
趨勢值,0.3337230288
Stock#,BA(2)CVX(5)HD(9)
趨勢值,0.3773721430
Stock#,AAPL(0)BA(2)CVX(5)HD(9)
趨勢值,0.3733472610
Stock#,AXP(1)BA(2)CVX(5)HD(9)
趨勢值,0.3641339311
Stock#,AAPL(0)AXP(1)BA(2)CVX(5)HD(9)
趨勢值,0.3559882066
Stock#,CAT(3)CVX(5)HD(9)
趨勢值,0.5785325049
Stock#,AAPL(0)CAT(3)CVX(5)HD(9)
趨勢值,0.4572589864
Stock#,AXP(1)CAT(3)CVX(5)HD(9)
趨勢值,0.4712485389
Stock#,AAPL(0)AXP(1)CAT(3)CVX(5)HD(9)
趨勢值,0.4131065722
Stock#,BA(2)CAT(3)CVX(5)HD(9)
趨勢值,0.5011442415
Stock#,AAPL(0)BA(2)CAT(3)CVX(5)HD(9)
趨勢值,0.4560517687
Stock#,AXP(1)BA(2)CAT(3)CVX(5)HD(9)
趨勢值,0.4575856218
Stock#,AAPL(0)AXP(1)BA(2)CAT(3)CVX(5)HD(9)
趨勢值,0.4224266469
Stock#,CSCO(4)CVX(5)HD(9)
趨勢值,0.2860173767
Stock#,AAPL(0)CSCO(4)CVX(5)HD(9)
趨勢值,0.2965739472
Stock#,AXP(1)CSCO(4)CVX(5)HD(9)
趨勢值,0.2851037936
Stock#,AAPL(0)AXP(1)CSCO(4)CVX(5)HD(9)
趨勢值,0.2932811047
Stock#,BA(2)CSCO(4)CVX(5)HD(9)
趨勢值,0.3130555391
Stock#,AAPL(0)BA(2)CSCO(4)CVX(5)HD(9)
趨勢值,0.3195417417
Stock#,AXP(1)BA(2)CSCO(4)CVX(5)HD(9)
趨勢值,0.3098222818
Stock#,AAPL(0)AXP(1)BA(2)CSCO(4)CVX(5)HD(9)
趨勢值,0.3140172489
Stock#,CAT(3)CSCO(4)CVX(5)HD(9)
趨勢值,0.3884424139
Stock#,AAPL(0)CAT(3)CSCO(4)CVX(5)HD(9)
趨勢值,0.3654204624
Stock#,AXP(1)CAT(3)CSCO(4)CVX(5)HD(9)
趨勢值,0.3629216908
Stock#,AAPL(0)AXP(1)CAT(3)CSCO(4)CVX(5)HD(9)
趨勢值,0.3498854089
Stock#,BA(2)CAT(3)CSCO(4)CVX(5)HD(9)
趨勢值,0.3933060195
Stock#,AAPL(0)BA(2)CAT(3)CSCO(4)CVX(5)HD(9)
趨勢值,0.3786030219
Stock#,AXP(1)BA(2)CAT(3)CSCO(4)CVX(5)HD(9)
趨勢值,0.3748589096
Stock#,AAPL(0)AXP(1)BA(2)CAT(3)CSCO(4)CVX(5)HD(9)
趨勢值,0.3640696313
Stock#,DIS(6)HD(9)
趨勢值,0.2938270046
Stock#,AAPL(0)DIS(6)HD(9)
趨勢值,0.3231426546
Stock#,AXP(1)DIS(6)HD(9)
趨勢值,0.3088310480
Stock#,AAPL(0)AXP(1)DIS(6)HD(9)
趨勢值,0.3167909106
Stock#,BA(2)DIS(6)HD(9)
趨勢值,0.3443044735
Stock#,AAPL(0)BA(2)DIS(6)HD(9)
趨勢值,0.3561031231
Stock#,AXP(1)BA(2)DIS(6)HD(9)
趨勢值,0.3453838742
Stock#,AAPL(0)AXP(1)BA(2)DIS(6)HD(9)
趨勢值,0.3447214054
Stock#,CAT(3)DIS(6)HD(9)
趨勢值,0.4959051761
Stock#,AAPL(0)CAT(3)DIS(6)HD(9)
趨勢值,0.4310520506
Stock#,AXP(1)CAT(3)DIS(6)HD(9)
趨勢值,0.4394429676
Stock#,AAPL(0)AXP(1)CAT(3)DIS(6)HD(9)
趨勢值,0.3980648744
Stock#,BA(2)CAT(3)DIS(6)HD(9)
趨勢值,0.4788450104
Stock#,AAPL(0)BA(2)CAT(3)DIS(6)HD(9)
趨勢值,0.4429241734
Stock#,AXP(1)BA(2)CAT(3)DIS(6)HD(9)
趨勢值,0.4448538843
Stock#,AAPL(0)AXP(1)BA(2)CAT(3)DIS(6)HD(9)
趨勢值,0.4137771400
Stock#,CSCO(4)DIS(6)HD(9)
趨勢值,0.2653330680
Stock#,AAPL(0)CSCO(4)DIS(6)HD(9)
趨勢值,0.2846519529
Stock#,AXP(1)CSCO(4)DIS(6)HD(9)
趨勢值,0.2720794098
Stock#,AAPL(0)AXP(1)CSCO(4)DIS(6)HD(9)
趨勢值,0.2846874830
Stock#,BA(2)CSCO(4)DIS(6)HD(9)
趨勢值,0.3010414419
Stock#,AAPL(0)BA(2)CSCO(4)DIS(6)HD(9)
趨勢值,0.3113320997
Stock#,AXP(1)BA(2)CSCO(4)DIS(6)HD(9)
趨勢值,0.3014748517
Stock#,AAPL(0)AXP(1)BA(2)CSCO(4)DIS(6)HD(9)
趨勢值,0.3078143991
Stock#,CAT(3)CSCO(4)DIS(6)HD(9)
趨勢值,0.3705995559
Stock#,AAPL(0)CAT(3)CSCO(4)DIS(6)HD(9)
趨勢值,0.3550094821
Stock#,AXP(1)CAT(3)CSCO(4)DIS(6)HD(9)
趨勢值,0.3519906937
Stock#,AAPL(0)AXP(1)CAT(3)CSCO(4)DIS(6)HD(9)
趨勢值,0.3424534748
Stock#,BA(2)CAT(3)CSCO(4)DIS(6)HD(9)
趨勢值,0.3852450764
Stock#,AAPL(0)BA(2)CAT(3)CSCO(4)DIS(6)HD(9)
趨勢值,0.3723409350
Stock#,AXP(1)BA(2)CAT(3)CSCO(4)DIS(6)HD(9)
趨勢值,0.3690762439
Stock#,AAPL(0)AXP(1)BA(2)CAT(3)CSCO(4)DIS(6)HD(9)
趨勢值,0.3592623954
Stock#,CVX(5)DIS(6)HD(9)
趨勢值,0.3337846884
Stock#,AAPL(0)CVX(5)DIS(6)HD(9)
趨勢值,0.3375474711
Stock#,AXP(1)CVX(5)DIS(6)HD(9)
趨勢值,0.3281665463
Stock#,AAPL(0)AXP(1)CVX(5)DIS(6)HD(9)
趨勢值,0.3275718893
Stock#,BA(2)CVX(5)DIS(6)HD(9)
趨勢值,0.3613037923
Stock#,AAPL(0)BA(2)CVX(5)DIS(6)HD(9)
趨勢值,0.3617922058
Stock#,AXP(1)BA(2)CVX(5)DIS(6)HD(9)
趨勢值,0.3535701648
Stock#,AAPL(0)AXP(1)BA(2)CVX(5)DIS(6)HD(9)
趨勢值,0.3497077978
Stock#,CAT(3)CVX(5)DIS(6)HD(9)
趨勢值,0.4846349087
Stock#,AAPL(0)CAT(3)CVX(5)DIS(6)HD(9)
趨勢值,0.4274703625
Stock#,AXP(1)CAT(3)CVX(5)DIS(6)HD(9)
趨勢值,0.4331997587
Stock#,AAPL(0)AXP(1)CAT(3)CVX(5)DIS(6)HD(9)
趨勢值,0.3979829491
Stock#,BA(2)CAT(3)CVX(5)DIS(6)HD(9)
趨勢值,0.4690010112
Stock#,AAPL(0)BA(2)CAT(3)CVX(5)DIS(6)HD(9)
趨勢值,0.4359424667
Stock#,AXP(1)BA(2)CAT(3)CVX(5)DIS(6)HD(9)
趨勢值,0.4367452318
Stock#,AAPL(0)AXP(1)BA(2)CAT(3)CVX(5)DIS(6)HD(9)
趨勢值,0.4104024646
Stock#,CSCO(4)CVX(5)DIS(6)HD(9)
趨勢值,0.2861760191
Stock#,AAPL(0)CSCO(4)CVX(5)DIS(6)HD(9)
趨勢值,0.2969370022
Stock#,AXP(1)CSCO(4)CVX(5)DIS(6)HD(9)
趨勢值,0.2869674676
Stock#,AAPL(0)AXP(1)CSCO(4)CVX(5)DIS(6)HD(9)
趨勢值,0.2947105520
Stock#,BA(2)CSCO(4)CVX(5)DIS(6)HD(9)
趨勢值,0.3129264723
Stock#,AAPL(0)BA(2)CSCO(4)CVX(5)DIS(6)HD(9)
趨勢值,0.3187809352
Stock#,AXP(1)BA(2)CSCO(4)CVX(5)DIS(6)HD(9)
趨勢值,0.3104858730
Stock#,AAPL(0)AXP(1)BA(2)CSCO(4)CVX(5)DIS(6)HD(9)
趨勢值,0.3142888156
Stock#,CAT(3)CSCO(4)CVX(5)DIS(6)HD(9)
趨勢值,0.3738189251
Stock#,AAPL(0)CAT(3)CSCO(4)CVX(5)DIS(6)HD(9)
趨勢值,0.3589272307
Stock#,AXP(1)CAT(3)CSCO(4)CVX(5)DIS(6)HD(9)
趨勢值,0.3561353982
Stock#,AAPL(0)AXP(1)CAT(3)CSCO(4)CVX(5)DIS(6)HD(9)
趨勢值,0.3466694745
Stock#,BA(2)CAT(3)CSCO(4)CVX(5)DIS(6)HD(9)
趨勢值,0.3850405789
Stock#,AAPL(0)BA(2)CAT(3)CSCO(4)CVX(5)DIS(6)HD(9)
趨勢值,0.3731545802
Stock#,AXP(1)BA(2)CAT(3)CSCO(4)CVX(5)DIS(6)HD(9)
趨勢值,0.3699712780
Stock#,AAPL(0)AXP(1)BA(2)CAT(3)CSCO(4)CVX(5)DIS(6)HD(9)
趨勢值,0.3609271526
Stock#,DD(7)HD(9)
趨勢值,0.2380217209
Stock#,AAPL(0)DD(7)HD(9)
趨勢值,0.3740701336
Stock#,AXP(1)DD(7)HD(9)
趨勢值,0.3536779481
Stock#,AAPL(0)AXP(1)DD(7)HD(9)
趨勢值,0.3509782747
Stock#,BA(2)DD(7)HD(9)
趨勢值,0.3330561871
Stock#,AAPL(0)BA(2)DD(7)HD(9)
趨勢值,0.4019335887
Stock#,AXP(1)BA(2)DD(7)HD(9)
趨勢值,0.3812585004
Stock#,AAPL(0)AXP(1)BA(2)DD(7)HD(9)
趨勢值,0.3789625756
Stock#,CAT(3)DD(7)HD(9)
趨勢值,0.5565457578
Stock#,AAPL(0)CAT(3)DD(7)HD(9)
趨勢值,0.5318720863
Stock#,AXP(1)CAT(3)DD(7)HD(9)
趨勢值,0.5547020177
Stock#,AAPL(0)AXP(1)CAT(3)DD(7)HD(9)
趨勢值,0.4587665299
Stock#,BA(2)CAT(3)DD(7)HD(9)
趨勢值,0.5024200318
Stock#,AAPL(0)BA(2)CAT(3)DD(7)HD(9)
趨勢值,0.5121389409
Stock#,AXP(1)BA(2)CAT(3)DD(7)HD(9)
趨勢值,0.5075401203
Stock#,AAPL(0)AXP(1)BA(2)CAT(3)DD(7)HD(9)
趨勢值,0.4636392952
Stock#,CSCO(4)DD(7)HD(9)
趨勢值,0.2799769891
Stock#,AAPL(0)CSCO(4)DD(7)HD(9)
趨勢值,0.3022210087
Stock#,AXP(1)CSCO(4)DD(7)HD(9)
趨勢值,0.2867741210
Stock#,AAPL(0)AXP(1)CSCO(4)DD(7)HD(9)
趨勢值,0.2982079017
Stock#,BA(2)CSCO(4)DD(7)HD(9)
趨勢值,0.3174166335
Stock#,AAPL(0)BA(2)CSCO(4)DD(7)HD(9)
趨勢值,0.3311422004
Stock#,AXP(1)BA(2)CSCO(4)DD(7)HD(9)
趨勢值,0.3184854937
Stock#,AAPL(0)AXP(1)BA(2)CSCO(4)DD(7)HD(9)
趨勢值,0.3236088415
Stock#,CAT(3)CSCO(4)DD(7)HD(9)
趨勢值,0.4322124042
Stock#,AAPL(0)CAT(3)CSCO(4)DD(7)HD(9)
趨勢值,0.3922142792
Stock#,AXP(1)CAT(3)CSCO(4)DD(7)HD(9)
趨勢值,0.3923154174
Stock#,AAPL(0)AXP(1)CAT(3)CSCO(4)DD(7)HD(9)
趨勢值,0.3686777796
Stock#,BA(2)CAT(3)CSCO(4)DD(7)HD(9)
趨勢值,0.4237747696
Stock#,AAPL(0)BA(2)CAT(3)CSCO(4)DD(7)HD(9)
趨勢值,0.4047537897
Stock#,AXP(1)BA(2)CAT(3)CSCO(4)DD(7)HD(9)
趨勢值,0.4011102942
Stock#,AAPL(0)AXP(1)BA(2)CAT(3)CSCO(4)DD(7)HD(9)
趨勢值,0.3840516911
Stock#,CVX(5)DD(7)HD(9)
趨勢值,0.3855362813
Stock#,AAPL(0)CVX(5)DD(7)HD(9)
趨勢值,0.3873219372
Stock#,AXP(1)CVX(5)DD(7)HD(9)
趨勢值,0.3793396618
Stock#,AAPL(0)AXP(1)CVX(5)DD(7)HD(9)
趨勢值,0.3603466438
Stock#,BA(2)CVX(5)DD(7)HD(9)
趨勢值,0.3867409335
Stock#,AAPL(0)BA(2)CVX(5)DD(7)HD(9)
趨勢值,0.4031242320
Stock#,AXP(1)BA(2)CVX(5)DD(7)HD(9)
趨勢值,0.3901591150
Stock#,AAPL(0)AXP(1)BA(2)CVX(5)DD(7)HD(9)
趨勢值,0.3805037654
Stock#,CAT(3)CVX(5)DD(7)HD(9)
趨勢值,0.6143820552
Stock#,AAPL(0)CAT(3)CVX(5)DD(7)HD(9)
趨勢值,0.5090823047
Stock#,AXP(1)CAT(3)CVX(5)DD(7)HD(9)
趨勢值,0.5260638604
Stock#,AAPL(0)AXP(1)CAT(3)CVX(5)DD(7)HD(9)
趨勢值,0.4495069615
Stock#,BA(2)CAT(3)CVX(5)DD(7)HD(9)
趨勢值,0.5192545694
Stock#,AAPL(0)BA(2)CAT(3)CVX(5)DD(7)HD(9)
趨勢值,0.4938591537
Stock#,AXP(1)BA(2)CAT(3)CVX(5)DD(7)HD(9)
趨勢值,0.4920704695
Stock#,AAPL(0)AXP(1)BA(2)CAT(3)CVX(5)DD(7)HD(9)
趨勢值,0.4528865900
Stock#,CSCO(4)CVX(5)DD(7)HD(9)
趨勢值,0.3083198314
Stock#,AAPL(0)CSCO(4)CVX(5)DD(7)HD(9)
趨勢值,0.3155934114
Stock#,AXP(1)CSCO(4)CVX(5)DD(7)HD(9)
趨勢值,0.3041315470
Stock#,AAPL(0)AXP(1)CSCO(4)CVX(5)DD(7)HD(9)
趨勢值,0.3089304675
Stock#,BA(2)CSCO(4)CVX(5)DD(7)HD(9)
趨勢值,0.3319626195
Stock#,AAPL(0)BA(2)CSCO(4)CVX(5)DD(7)HD(9)
趨勢值,0.3378297831
Stock#,AXP(1)BA(2)CSCO(4)CVX(5)DD(7)HD(9)
趨勢值,0.3275904062
Stock#,AAPL(0)AXP(1)BA(2)CSCO(4)CVX(5)DD(7)HD(9)
趨勢值,0.3295728593
Stock#,CAT(3)CSCO(4)CVX(5)DD(7)HD(9)
趨勢值,0.4257659848
Stock#,AAPL(0)CAT(3)CSCO(4)CVX(5)DD(7)HD(9)
趨勢值,0.3920715400
Stock#,AXP(1)CAT(3)CSCO(4)CVX(5)DD(7)HD(9)
趨勢值,0.3913279988
Stock#,AAPL(0)AXP(1)CAT(3)CSCO(4)CVX(5)DD(7)HD(9)
趨勢值,0.3707916932
Stock#,BA(2)CAT(3)CSCO(4)CVX(5)DD(7)HD(9)
趨勢值,0.4198667547
Stock#,AAPL(0)BA(2)CAT(3)CSCO(4)CVX(5)DD(7)HD(9)
趨勢值,0.4019005462
Stock#,AXP(1)BA(2)CAT(3)CSCO(4)CVX(5)DD(7)HD(9)
趨勢值,0.3983386548
Stock#,AAPL(0)AXP(1)BA(2)CAT(3)CSCO(4)CVX(5)DD(7)HD(9)
趨勢值,0.3834011561
Stock#,DIS(6)DD(7)HD(9)
趨勢值,0.2711311304
Stock#,AAPL(0)DIS(6)DD(7)HD(9)
趨勢值,0.3440046529
Stock#,AXP(1)DIS(6)DD(7)HD(9)
趨勢值,0.3233138336
Stock#,AAPL(0)AXP(1)DIS(6)DD(7)HD(9)
趨勢值,0.3365977901
Stock#,BA(2)DIS(6)DD(7)HD(9)
趨勢值,0.3413206614
Stock#,AAPL(0)BA(2)DIS(6)DD(7)HD(9)
趨勢值,0.3785705854
Stock#,AXP(1)BA(2)DIS(6)DD(7)HD(9)
趨勢值,0.3630807652
Stock#,AAPL(0)AXP(1)BA(2)DIS(6)DD(7)HD(9)
趨勢值,0.3653482626
Stock#,CAT(3)DIS(6)DD(7)HD(9)
趨勢值,0.4934720109
Stock#,AAPL(0)CAT(3)DIS(6)DD(7)HD(9)
趨勢值,0.4685162861
Stock#,AXP(1)CAT(3)DIS(6)DD(7)HD(9)
趨勢值,0.4748324554
Stock#,AAPL(0)AXP(1)CAT(3)DIS(6)DD(7)HD(9)
趨勢值,0.4281797438
Stock#,BA(2)CAT(3)DIS(6)DD(7)HD(9)
趨勢值,0.4872971038
Stock#,AAPL(0)BA(2)CAT(3)DIS(6)DD(7)HD(9)
趨勢值,0.4750112467
Stock#,AXP(1)BA(2)CAT(3)DIS(6)DD(7)HD(9)
趨勢值,0.4733419196
Stock#,AAPL(0)AXP(1)BA(2)CAT(3)DIS(6)DD(7)HD(9)
趨勢值,0.4411790907
Stock#,CSCO(4)DIS(6)DD(7)HD(9)
趨勢值,0.2775915393
Stock#,AAPL(0)CSCO(4)DIS(6)DD(7)HD(9)
趨勢值,0.2996461376
Stock#,AXP(1)CSCO(4)DIS(6)DD(7)HD(9)
趨勢值,0.2861842139
Stock#,AAPL(0)AXP(1)CSCO(4)DIS(6)DD(7)HD(9)
趨勢值,0.2980009876
Stock#,BA(2)CSCO(4)DIS(6)DD(7)HD(9)
趨勢值,0.3153841980
Stock#,AAPL(0)BA(2)CSCO(4)DIS(6)DD(7)HD(9)
趨勢值,0.3272225719
Stock#,AXP(1)BA(2)CSCO(4)DIS(6)DD(7)HD(9)
趨勢值,0.3166113025
Stock#,AAPL(0)AXP(1)BA(2)CSCO(4)DIS(6)DD(7)HD(9)
趨勢值,0.3218676291
Stock#,CAT(3)CSCO(4)DIS(6)DD(7)HD(9)
趨勢值,0.3987429391
Stock#,AAPL(0)CAT(3)CSCO(4)DIS(6)DD(7)HD(9)
趨勢值,0.3780172899
Stock#,AXP(1)CAT(3)CSCO(4)DIS(6)DD(7)HD(9)
趨勢值,0.3760913861
Stock#,AAPL(0)AXP(1)CAT(3)CSCO(4)DIS(6)DD(7)HD(9)
趨勢值,0.3612824082
Stock#,BA(2)CAT(3)CSCO(4)DIS(6)DD(7)HD(9)
趨勢值,0.4085734903
Stock#,AAPL(0)BA(2)CAT(3)CSCO(4)DIS(6)DD(7)HD(9)
趨勢值,0.3937708644
Stock#,AXP(1)BA(2)CAT(3)CSCO(4)DIS(6)DD(7)HD(9)
趨勢值,0.3906755116
Stock#,AAPL(0)AXP(1)BA(2)CAT(3)CSCO(4)DIS(6)DD(7)HD(9)
趨勢值,0.3774142526
Stock#,CVX(5)DIS(6)DD(7)HD(9)
趨勢值,0.3430669998
Stock#,AAPL(0)CVX(5)DIS(6)DD(7)HD(9)
趨勢值,0.3610192864
Stock#,AXP(1)CVX(5)DIS(6)DD(7)HD(9)
趨勢值,0.3495888282
Stock#,AAPL(0)AXP(1)CVX(5)DIS(6)DD(7)HD(9)
趨勢值,0.3475980690
Stock#,BA(2)CVX(5)DIS(6)DD(7)HD(9)
趨勢值,0.3737692370
Stock#,AAPL(0)BA(2)CVX(5)DIS(6)DD(7)HD(9)
趨勢值,0.3843176793
Stock#,AXP(1)BA(2)CVX(5)DIS(6)DD(7)HD(9)
趨勢值,0.3738056308
Stock#,AAPL(0)AXP(1)BA(2)CVX(5)DIS(6)DD(7)HD(9)
趨勢值,0.3694159482
Stock#,CAT(3)CVX(5)DIS(6)DD(7)HD(9)
趨勢值,0.5156722372
Stock#,AAPL(0)CAT(3)CVX(5)DIS(6)DD(7)HD(9)
趨勢值,0.4629677615
Stock#,AXP(1)CAT(3)CVX(5)DIS(6)DD(7)HD(9)
趨勢值,0.4695191555
Stock#,AAPL(0)AXP(1)CAT(3)CVX(5)DIS(6)DD(7)HD(9)
趨勢值,0.4257986824
Stock#,BA(2)CAT(3)CVX(5)DIS(6)DD(7)HD(9)
趨勢值,0.4915327436
Stock#,AAPL(0)BA(2)CAT(3)CVX(5)DIS(6)DD(7)HD(9)
趨勢值,0.4657188414
Stock#,AXP(1)BA(2)CAT(3)CVX(5)DIS(6)DD(7)HD(9)
趨勢值,0.4651066953
Stock#,AAPL(0)AXP(1)BA(2)CAT(3)CVX(5)DIS(6)DD(7)HD(9)
趨勢值,0.4353913695
Stock#,CSCO(4)CVX(5)DIS(6)DD(7)HD(9)
趨勢值,0.3021812542
Stock#,AAPL(0)CSCO(4)CVX(5)DIS(6)DD(7)HD(9)
趨勢值,0.3123001357
Stock#,AXP(1)CSCO(4)CVX(5)DIS(6)DD(7)HD(9)
趨勢值,0.3020573026
Stock#,AAPL(0)AXP(1)CSCO(4)CVX(5)DIS(6)DD(7)HD(9)
趨勢值,0.3080433078
Stock#,BA(2)CSCO(4)CVX(5)DIS(6)DD(7)HD(9)
趨勢值,0.3286495178
Stock#,AAPL(0)BA(2)CSCO(4)CVX(5)DIS(6)DD(7)HD(9)
趨勢值,0.3342356031
Stock#,AXP(1)BA(2)CSCO(4)CVX(5)DIS(6)DD(7)HD(9)
趨勢值,0.3255454492
Stock#,AAPL(0)AXP(1)BA(2)CSCO(4)CVX(5)DIS(6)DD(7)HD(9)
趨勢值,0.3278650083
Stock#,CAT(3)CSCO(4)CVX(5)DIS(6)DD(7)HD(9)
趨勢值,0.4011797418
Stock#,AAPL(0)CAT(3)CSCO(4)CVX(5)DIS(6)DD(7)HD(9)
趨勢值,0.3804980390
Stock#,AXP(1)CAT(3)CSCO(4)CVX(5)DIS(6)DD(7)HD(9)
趨勢值,0.3787230337
Stock#,AAPL(0)AXP(1)CAT(3)CSCO(4)CVX(5)DIS(6)DD(7)HD(9)
趨勢值,0.3644421135
Stock#,BA(2)CAT(3)CSCO(4)CVX(5)DIS(6)DD(7)HD(9)
趨勢值,0.4075619796
Stock#,AAPL(0)BA(2)CAT(3)CSCO(4)CVX(5)DIS(6)DD(7)HD(9)
趨勢值,0.3930184191
Stock#,AXP(1)BA(2)CAT(3)CSCO(4)CVX(5)DIS(6)DD(7)HD(9)
趨勢值,0.3900743136
Stock#,AAPL(0)AXP(1)BA(2)CAT(3)CSCO(4)CVX(5)DIS(6)DD(7)HD(9)
趨勢值,0.3778543152
Stock#,GS(8)HD(9)
趨勢值,0.4274663952
Stock#,AAPL(0)GS(8)HD(9)
趨勢值,0.3785535976
Stock#,AXP(1)GS(8)HD(9)
趨勢值,0.3774305446
Stock#,AAPL(0)AXP(1)GS(8)HD(9)
趨勢值,0.3536348210
Stock#,BA(2)GS(8)HD(9)
趨勢值,0.4342184816
Stock#,AAPL(0)BA(2)GS(8)HD(9)
趨勢值,0.4043800422
Stock#,AXP(1)BA(2)GS(8)HD(9)
趨勢值,0.4012974978
Stock#,AAPL(0)AXP(1)BA(2)GS(8)HD(9)
趨勢值,0.3786046688
Stock#,CAT(3)GS(8)HD(9)
趨勢值,0.6448839289
Stock#,AAPL(0)CAT(3)GS(8)HD(9)
趨勢值,0.4888403366
Stock#,AXP(1)CAT(3)GS(8)HD(9)
趨勢值,0.5106747883
Stock#,AAPL(0)AXP(1)CAT(3)GS(8)HD(9)
趨勢值,0.4356510380
Stock#,BA(2)CAT(3)GS(8)HD(9)
趨勢值,0.5649079006
Stock#,AAPL(0)BA(2)CAT(3)GS(8)HD(9)
趨勢值,0.4906269459
Stock#,AXP(1)BA(2)CAT(3)GS(8)HD(9)
趨勢值,0.4990253017
Stock#,AAPL(0)AXP(1)BA(2)CAT(3)GS(8)HD(9)
趨勢值,0.4472876468
Stock#,CSCO(4)GS(8)HD(9)
趨勢值,0.3132987119
Stock#,AAPL(0)CSCO(4)GS(8)HD(9)
趨勢值,0.3140794240
Stock#,AXP(1)CSCO(4)GS(8)HD(9)
趨勢值,0.3051090355
Stock#,AAPL(0)AXP(1)CSCO(4)GS(8)HD(9)
趨勢值,0.3073983600
Stock#,BA(2)CSCO(4)GS(8)HD(9)
趨勢值,0.3422248248
Stock#,AAPL(0)BA(2)CSCO(4)GS(8)HD(9)
趨勢值,0.3387641964
Stock#,AXP(1)BA(2)CSCO(4)GS(8)HD(9)
趨勢值,0.3315674122
Stock#,AAPL(0)AXP(1)BA(2)CSCO(4)GS(8)HD(9)
趨勢值,0.3294501272
Stock#,CAT(3)CSCO(4)GS(8)HD(9)
趨勢值,0.4205191131
Stock#,AAPL(0)CAT(3)CSCO(4)GS(8)HD(9)
趨勢值,0.3850893057
Stock#,AXP(1)CAT(3)CSCO(4)GS(8)HD(9)
趨勢值,0.3856639965
Stock#,AAPL(0)AXP(1)CAT(3)CSCO(4)GS(8)HD(9)
趨勢值,0.3654489553
Stock#,BA(2)CAT(3)CSCO(4)GS(8)HD(9)
趨勢值,0.4259178522
Stock#,AAPL(0)BA(2)CAT(3)CSCO(4)GS(8)HD(9)
趨勢值,0.3996794539
Stock#,AXP(1)BA(2)CAT(3)CSCO(4)GS(8)HD(9)
趨勢值,0.3988303065
Stock#,AAPL(0)AXP(1)BA(2)CAT(3)CSCO(4)GS(8)HD(9)
趨勢值,0.3808004609
Stock#,CVX(5)GS(8)HD(9)
趨勢值,0.4236664080
Stock#,AAPL(0)CVX(5)GS(8)HD(9)
趨勢值,0.3815574939
Stock#,AXP(1)CVX(5)GS(8)HD(9)
趨勢值,0.3799172268
Stock#,AAPL(0)AXP(1)CVX(5)GS(8)HD(9)
趨勢值,0.3585555649
Stock#,BA(2)CVX(5)GS(8)HD(9)
趨勢值,0.4258379534
Stock#,AAPL(0)BA(2)CVX(5)GS(8)HD(9)
趨勢值,0.4003952397
Stock#,AXP(1)BA(2)CVX(5)GS(8)HD(9)
趨勢值,0.3967806627
Stock#,AAPL(0)AXP(1)BA(2)CVX(5)GS(8)HD(9)
趨勢值,0.3782136603
Stock#,CAT(3)CVX(5)GS(8)HD(9)
趨勢值,0.5757340378
Stock#,AAPL(0)CAT(3)CVX(5)GS(8)HD(9)
趨勢值,0.4719577193
Stock#,AXP(1)CAT(3)CVX(5)GS(8)HD(9)
趨勢值,0.4848686474
Stock#,AAPL(0)AXP(1)CAT(3)CVX(5)GS(8)HD(9)
趨勢值,0.4290468303
Stock#,BA(2)CAT(3)CVX(5)GS(8)HD(9)
趨勢值,0.5299218484
Stock#,AAPL(0)BA(2)CAT(3)CVX(5)GS(8)HD(9)
趨勢值,0.4736742973
Stock#,AXP(1)BA(2)CAT(3)CVX(5)GS(8)HD(9)
趨勢值,0.4782327612
Stock#,AAPL(0)AXP(1)BA(2)CAT(3)CVX(5)GS(8)HD(9)
趨勢值,0.4383844067
Stock#,CSCO(4)CVX(5)GS(8)HD(9)
趨勢值,0.3246693730
Stock#,AAPL(0)CSCO(4)CVX(5)GS(8)HD(9)
趨勢值,0.3223766425
Stock#,AXP(1)CSCO(4)CVX(5)GS(8)HD(9)
趨勢值,0.3149289094
Stock#,AAPL(0)AXP(1)CSCO(4)CVX(5)GS(8)HD(9)
趨勢值,0.3148864013
Stock#,BA(2)CSCO(4)CVX(5)GS(8)HD(9)
趨勢值,0.3464465593
Stock#,AAPL(0)BA(2)CSCO(4)CVX(5)GS(8)HD(9)
趨勢值,0.3424950022
Stock#,AXP(1)BA(2)CSCO(4)CVX(5)GS(8)HD(9)
趨勢值,0.3360646033
Stock#,AAPL(0)AXP(1)BA(2)CSCO(4)CVX(5)GS(8)HD(9)
趨勢值,0.3334798064
Stock#,CAT(3)CSCO(4)CVX(5)GS(8)HD(9)
趨勢值,0.4126508405
Stock#,AAPL(0)CAT(3)CSCO(4)CVX(5)GS(8)HD(9)
趨勢值,0.3845495384
Stock#,AXP(1)CAT(3)CSCO(4)CVX(5)GS(8)HD(9)
趨勢值,0.3841456331
Stock#,AAPL(0)AXP(1)CAT(3)CSCO(4)CVX(5)GS(8)HD(9)
趨勢值,0.3668996067
Stock#,BA(2)CAT(3)CSCO(4)CVX(5)GS(8)HD(9)
趨勢值,0.4177946100
Stock#,AAPL(0)BA(2)CAT(3)CSCO(4)CVX(5)GS(8)HD(9)
趨勢值,0.3966139463
Stock#,AXP(1)BA(2)CAT(3)CSCO(4)CVX(5)GS(8)HD(9)
趨勢值,0.3950739662
Stock#,AAPL(0)AXP(1)BA(2)CAT(3)CSCO(4)CVX(5)GS(8)HD(9)
趨勢值,0.3799296231
Stock#,DIS(6)GS(8)HD(9)
趨勢值,0.3760978103
Stock#,AAPL(0)DIS(6)GS(8)HD(9)
趨勢值,0.3620742220
Stock#,AXP(1)DIS(6)GS(8)HD(9)
趨勢值,0.3574405287
Stock#,AAPL(0)AXP(1)DIS(6)GS(8)HD(9)
趨勢值,0.3463393815
Stock#,BA(2)DIS(6)GS(8)HD(9)
趨勢值,0.4071495933
Stock#,AAPL(0)BA(2)DIS(6)GS(8)HD(9)
趨勢值,0.3891379630
Stock#,AXP(1)BA(2)DIS(6)GS(8)HD(9)
趨勢值,0.3856696160
Stock#,AAPL(0)AXP(1)BA(2)DIS(6)GS(8)HD(9)
趨勢值,0.3704893460
Stock#,CAT(3)DIS(6)GS(8)HD(9)
趨勢值,0.5407627879
Stock#,AAPL(0)CAT(3)DIS(6)GS(8)HD(9)
趨勢值,0.4564301644
Stock#,AXP(1)CAT(3)DIS(6)GS(8)HD(9)
趨勢值,0.4686607851
Stock#,AAPL(0)AXP(1)CAT(3)DIS(6)GS(8)HD(9)
趨勢值,0.4193433084
Stock#,BA(2)CAT(3)DIS(6)GS(8)HD(9)
趨勢值,0.5231325472
Stock#,AAPL(0)BA(2)CAT(3)DIS(6)GS(8)HD(9)
趨勢值,0.4668394659
Stock#,AXP(1)BA(2)CAT(3)DIS(6)GS(8)HD(9)
趨勢值,0.4733804297
Stock#,AAPL(0)AXP(1)BA(2)CAT(3)DIS(6)GS(8)HD(9)
趨勢值,0.4334166291
Stock#,CSCO(4)DIS(6)GS(8)HD(9)
趨勢值,0.3106072606
Stock#,AAPL(0)CSCO(4)DIS(6)GS(8)HD(9)
趨勢值,0.3134794999
Stock#,AXP(1)CSCO(4)DIS(6)GS(8)HD(9)
趨勢值,0.3056618920
Stock#,AAPL(0)AXP(1)CSCO(4)DIS(6)GS(8)HD(9)
趨勢值,0.3082871939
Stock#,BA(2)CSCO(4)DIS(6)GS(8)HD(9)
趨勢值,0.3389807563
Stock#,AAPL(0)BA(2)CSCO(4)DIS(6)GS(8)HD(9)
趨勢值,0.3367004640
Stock#,AXP(1)BA(2)CSCO(4)DIS(6)GS(8)HD(9)
趨勢值,0.3305851851
Stock#,AAPL(0)AXP(1)BA(2)CSCO(4)DIS(6)GS(8)HD(9)
趨勢值,0.3289472137
Stock#,CAT(3)CSCO(4)DIS(6)GS(8)HD(9)
趨勢值,0.4027876497
Stock#,AAPL(0)CAT(3)CSCO(4)DIS(6)GS(8)HD(9)
趨勢值,0.3775699427
Stock#,AXP(1)CAT(3)CSCO(4)DIS(6)GS(8)HD(9)
趨勢值,0.3774902339
Stock#,AAPL(0)AXP(1)CAT(3)CSCO(4)DIS(6)GS(8)HD(9)
趨勢值,0.3616669236
Stock#,BA(2)CAT(3)CSCO(4)DIS(6)GS(8)HD(9)
趨勢值,0.4145468979
Stock#,AAPL(0)BA(2)CAT(3)CSCO(4)DIS(6)GS(8)HD(9)
趨勢值,0.3928930128
Stock#,AXP(1)BA(2)CAT(3)CSCO(4)DIS(6)GS(8)HD(9)
趨勢值,0.3922786479
Stock#,AAPL(0)AXP(1)BA(2)CAT(3)CSCO(4)DIS(6)GS(8)HD(9)
趨勢值,0.3768658756
Stock#,CVX(5)DIS(6)GS(8)HD(9)
趨勢值,0.3875433919
Stock#,AAPL(0)CVX(5)DIS(6)GS(8)HD(9)
趨勢值,0.3681646640
Stock#,AXP(1)CVX(5)DIS(6)GS(8)HD(9)
趨勢值,0.3647310973
Stock#,AAPL(0)AXP(1)CVX(5)DIS(6)GS(8)HD(9)
趨勢值,0.3521461246
Stock#,BA(2)CVX(5)DIS(6)GS(8)HD(9)
趨勢值,0.4063059111
Stock#,AAPL(0)BA(2)CVX(5)DIS(6)GS(8)HD(9)
趨勢值,0.3887409042
Stock#,AXP(1)BA(2)CVX(5)DIS(6)GS(8)HD(9)
趨勢值,0.3853877710
Stock#,AAPL(0)AXP(1)BA(2)CVX(5)DIS(6)GS(8)HD(9)
趨勢值,0.3716556725
Stock#,CAT(3)CVX(5)DIS(6)GS(8)HD(9)
趨勢值,0.5132825337
Stock#,AAPL(0)CAT(3)CVX(5)DIS(6)GS(8)HD(9)
趨勢值,0.4479701935
Stock#,AXP(1)CAT(3)CVX(5)DIS(6)GS(8)HD(9)
趨勢值,0.4560932892
Stock#,AAPL(0)AXP(1)CAT(3)CVX(5)DIS(6)GS(8)HD(9)
趨勢值,0.4160457531
Stock#,BA(2)CAT(3)CVX(5)DIS(6)GS(8)HD(9)
趨勢值,0.5005931863
Stock#,AAPL(0)BA(2)CAT(3)CVX(5)DIS(6)GS(8)HD(9)
趨勢值,0.4558620484
Stock#,AXP(1)BA(2)CAT(3)CVX(5)DIS(6)GS(8)HD(9)
趨勢值,0.4597989091
Stock#,AAPL(0)AXP(1)BA(2)CAT(3)CVX(5)DIS(6)GS(8)HD(9)
趨勢值,0.4274480617
Stock#,CSCO(4)CVX(5)DIS(6)GS(8)HD(9)
趨勢值,0.3218523012
Stock#,AAPL(0)CSCO(4)CVX(5)DIS(6)GS(8)HD(9)
趨勢值,0.3213942561
Stock#,AXP(1)CSCO(4)CVX(5)DIS(6)GS(8)HD(9)
趨勢值,0.3148721474
Stock#,AAPL(0)AXP(1)CSCO(4)CVX(5)DIS(6)GS(8)HD(9)
趨勢值,0.3152902492
Stock#,BA(2)CSCO(4)CVX(5)DIS(6)GS(8)HD(9)
趨勢值,0.3438863651
Stock#,AAPL(0)BA(2)CSCO(4)CVX(5)DIS(6)GS(8)HD(9)
趨勢值,0.3406974593
Stock#,AXP(1)BA(2)CSCO(4)CVX(5)DIS(6)GS(8)HD(9)
趨勢值,0.3352317357
Stock#,AAPL(0)AXP(1)BA(2)CSCO(4)CVX(5)DIS(6)GS(8)HD(9)
趨勢值,0.3329670486
Stock#,CAT(3)CSCO(4)CVX(5)DIS(6)GS(8)HD(9)
趨勢值,0.3998070124
Stock#,AAPL(0)CAT(3)CSCO(4)CVX(5)DIS(6)GS(8)HD(9)
趨勢值,0.3783163260
Stock#,AXP(1)CAT(3)CSCO(4)CVX(5)DIS(6)GS(8)HD(9)
趨勢值,0.3777129478
Stock#,AAPL(0)AXP(1)CAT(3)CSCO(4)CVX(5)DIS(6)GS(8)HD(9)
趨勢值,0.3635962254
Stock#,BA(2)CAT(3)CSCO(4)CVX(5)DIS(6)GS(8)HD(9)
趨勢值,0.4093285579
Stock#,AAPL(0)BA(2)CAT(3)CSCO(4)CVX(5)DIS(6)GS(8)HD(9)
趨勢值,0.3911284394
Stock#,AXP(1)BA(2)CAT(3)CSCO(4)CVX(5)DIS(6)GS(8)HD(9)
趨勢值,0.3899908577
Stock#,AAPL(0)AXP(1)BA(2)CAT(3)CSCO(4)CVX(5)DIS(6)GS(8)HD(9)
趨勢值,0.3766320197
Stock#,DD(7)GS(8)HD(9)
趨勢值,0.4607773774
Stock#,AAPL(0)DD(7)GS(8)HD(9)
趨勢值,0.4266517436
Stock#,AXP(1)DD(7)GS(8)HD(9)
趨勢值,0.4300945907
Stock#,AAPL(0)AXP(1)DD(7)GS(8)HD(9)
趨勢值,0.3869800381
Stock#,BA(2)DD(7)GS(8)HD(9)
趨勢值,0.4636620115
Stock#,AAPL(0)BA(2)DD(7)GS(8)HD(9)
趨勢值,0.4462102541
Stock#,AXP(1)BA(2)DD(7)GS(8)HD(9)
趨勢值,0.4425475190
Stock#,AAPL(0)AXP(1)BA(2)DD(7)GS(8)HD(9)
趨勢值,0.4100655491
Stock#,CAT(3)DD(7)GS(8)HD(9)
趨勢值,0.7076173343
Stock#,AAPL(0)CAT(3)DD(7)GS(8)HD(9)
趨勢值,0.5553175876
Stock#,AXP(1)CAT(3)DD(7)GS(8)HD(9)
趨勢值,0.5859477851
Stock#,AAPL(0)AXP(1)CAT(3)DD(7)GS(8)HD(9)
趨勢值,0.4798032798
Stock#,BA(2)CAT(3)DD(7)GS(8)HD(9)
趨勢值,0.6020474728
Stock#,AAPL(0)BA(2)CAT(3)DD(7)GS(8)HD(9)
趨勢值,0.5412232301
Stock#,AXP(1)BA(2)CAT(3)DD(7)GS(8)HD(9)
趨勢值,0.5490713551
Stock#,AAPL(0)AXP(1)BA(2)CAT(3)DD(7)GS(8)HD(9)
趨勢值,0.4852141101
Stock#,CSCO(4)DD(7)GS(8)HD(9)
趨勢值,0.3479201140
Stock#,AAPL(0)CSCO(4)DD(7)GS(8)HD(9)
趨勢值,0.3382052015
Stock#,AXP(1)CSCO(4)DD(7)GS(8)HD(9)
趨勢值,0.3307995060
Stock#,AAPL(0)AXP(1)CSCO(4)DD(7)GS(8)HD(9)
趨勢值,0.3263316914
Stock#,BA(2)CSCO(4)DD(7)GS(8)HD(9)
趨勢值,0.3715053350
Stock#,AAPL(0)BA(2)CSCO(4)DD(7)GS(8)HD(9)
趨勢值,0.3621606385
Stock#,AXP(1)BA(2)CSCO(4)DD(7)GS(8)HD(9)
趨勢值,0.3556560626
Stock#,AAPL(0)AXP(1)BA(2)CSCO(4)DD(7)GS(8)HD(9)
趨勢值,0.3483867804
Stock#,CAT(3)CSCO(4)DD(7)GS(8)HD(9)
趨勢值,0.4722508926
Stock#,AAPL(0)CAT(3)CSCO(4)DD(7)GS(8)HD(9)
趨勢值,0.4175987187
Stock#,AXP(1)CAT(3)CSCO(4)DD(7)GS(8)HD(9)
趨勢值,0.4217390256
Stock#,AAPL(0)AXP(1)CAT(3)CSCO(4)DD(7)GS(8)HD(9)
趨勢值,0.3900520033
Stock#,BA(2)CAT(3)CSCO(4)DD(7)GS(8)HD(9)
趨勢值,0.4634912355
Stock#,AAPL(0)BA(2)CAT(3)CSCO(4)DD(7)GS(8)HD(9)
趨勢值,0.4285131185
Stock#,AXP(1)BA(2)CAT(3)CSCO(4)DD(7)GS(8)HD(9)
趨勢值,0.4291105069
Stock#,AAPL(0)AXP(1)BA(2)CAT(3)CSCO(4)DD(7)GS(8)HD(9)
趨勢值,0.4037899172
Stock#,CVX(5)DD(7)GS(8)HD(9)
趨勢值,0.4844483017
Stock#,AAPL(0)CVX(5)DD(7)GS(8)HD(9)
趨勢值,0.4235608610
Stock#,AXP(1)CVX(5)DD(7)GS(8)HD(9)
趨勢值,0.4260455171
Stock#,AAPL(0)AXP(1)CVX(5)DD(7)GS(8)HD(9)
趨勢值,0.3884971257
Stock#,BA(2)CVX(5)DD(7)GS(8)HD(9)
趨勢值,0.4635859874
Stock#,AAPL(0)BA(2)CVX(5)DD(7)GS(8)HD(9)
趨勢值,0.4362143768
Stock#,AXP(1)BA(2)CVX(5)DD(7)GS(8)HD(9)
趨勢值,0.4327963065
Stock#,AAPL(0)AXP(1)BA(2)CVX(5)DD(7)GS(8)HD(9)
趨勢值,0.4058667475
Stock#,CAT(3)CVX(5)DD(7)GS(8)HD(9)
趨勢值,0.6573374780
Stock#,AAPL(0)CAT(3)CVX(5)DD(7)GS(8)HD(9)
趨勢值,0.5262376687
Stock#,AXP(1)CAT(3)CVX(5)DD(7)GS(8)HD(9)
趨勢值,0.5455413558
Stock#,AAPL(0)AXP(1)CAT(3)CVX(5)DD(7)GS(8)HD(9)
趨勢值,0.4668522141
Stock#,BA(2)CAT(3)CVX(5)DD(7)GS(8)HD(9)
趨勢值,0.5745701808
Stock#,AAPL(0)BA(2)CAT(3)CVX(5)DD(7)GS(8)HD(9)
趨勢值,0.5160521302
Stock#,AXP(1)BA(2)CAT(3)CVX(5)DD(7)GS(8)HD(9)
趨勢值,0.5210327159
Stock#,AAPL(0)AXP(1)BA(2)CAT(3)CVX(5)DD(7)GS(8)HD(9)
趨勢值,0.4710295728
Stock#,CSCO(4)CVX(5)DD(7)GS(8)HD(9)
趨勢值,0.3558163595
Stock#,AAPL(0)CSCO(4)CVX(5)DD(7)GS(8)HD(9)
趨勢值,0.3446970373
Stock#,AXP(1)CSCO(4)CVX(5)DD(7)GS(8)HD(9)
趨勢值,0.3384980851
Stock#,AAPL(0)AXP(1)CSCO(4)CVX(5)DD(7)GS(8)HD(9)
趨勢值,0.3327076944
Stock#,BA(2)CSCO(4)CVX(5)DD(7)GS(8)HD(9)
趨勢值,0.3726653616
Stock#,AAPL(0)BA(2)CSCO(4)CVX(5)DD(7)GS(8)HD(9)
趨勢值,0.3636832901
Stock#,AXP(1)BA(2)CSCO(4)CVX(5)DD(7)GS(8)HD(9)
趨勢值,0.3577667732
Stock#,AAPL(0)AXP(1)BA(2)CSCO(4)CVX(5)DD(7)GS(8)HD(9)
趨勢值,0.3509528325
Stock#,CAT(3)CSCO(4)CVX(5)DD(7)GS(8)HD(9)
趨勢值,0.4552524819
Stock#,AAPL(0)CAT(3)CSCO(4)CVX(5)DD(7)GS(8)HD(9)
趨勢值,0.4131820971
Stock#,AXP(1)CAT(3)CSCO(4)CVX(5)DD(7)GS(8)HD(9)
趨勢值,0.4152503762
Stock#,AAPL(0)AXP(1)CAT(3)CSCO(4)CVX(5)DD(7)GS(8)HD(9)
趨勢值,0.3892090778
Stock#,BA(2)CAT(3)CSCO(4)CVX(5)DD(7)GS(8)HD(9)
趨勢值,0.4502502838
Stock#,AAPL(0)BA(2)CAT(3)CSCO(4)CVX(5)DD(7)GS(8)HD(9)
趨勢值,0.4220831756
Stock#,AXP(1)BA(2)CAT(3)CSCO(4)CVX(5)DD(7)GS(8)HD(9)
趨勢值,0.4215708902
Stock#,AAPL(0)AXP(1)BA(2)CAT(3)CSCO(4)CVX(5)DD(7)GS(8)HD(9)
趨勢值,0.4006875191
Stock#,DIS(6)DD(7)GS(8)HD(9)
趨勢值,0.4005620198
Stock#,AAPL(0)DIS(6)DD(7)GS(8)HD(9)
趨勢值,0.3938737068
Stock#,AXP(1)DIS(6)DD(7)GS(8)HD(9)
趨勢值,0.3898169907
Stock#,AAPL(0)AXP(1)DIS(6)DD(7)GS(8)HD(9)
趨勢值,0.3715156850
Stock#,BA(2)DIS(6)DD(7)GS(8)HD(9)
趨勢值,0.4342537515
Stock#,AAPL(0)BA(2)DIS(6)DD(7)GS(8)HD(9)
趨勢值,0.4200864131
Stock#,AXP(1)BA(2)DIS(6)DD(7)GS(8)HD(9)
趨勢值,0.4163482110
Stock#,AAPL(0)AXP(1)BA(2)DIS(6)DD(7)GS(8)HD(9)
趨勢值,0.3955315129
Stock#,CAT(3)DIS(6)DD(7)GS(8)HD(9)
趨勢值,0.5941767694
Stock#,AAPL(0)CAT(3)DIS(6)DD(7)GS(8)HD(9)
趨勢值,0.5023087858
Stock#,AXP(1)CAT(3)DIS(6)DD(7)GS(8)HD(9)
趨勢值,0.5189999471
Stock#,AAPL(0)AXP(1)CAT(3)DIS(6)DD(7)GS(8)HD(9)
趨勢值,0.4532583625
Stock#,BA(2)CAT(3)DIS(6)DD(7)GS(8)HD(9)
趨勢值,0.5625089028
Stock#,AAPL(0)BA(2)CAT(3)DIS(6)DD(7)GS(8)HD(9)
趨勢值,0.5061194384
Stock#,AXP(1)BA(2)CAT(3)DIS(6)DD(7)GS(8)HD(9)
趨勢值,0.5134886750
Stock#,AAPL(0)AXP(1)BA(2)CAT(3)DIS(6)DD(7)GS(8)HD(9)
趨勢值,0.4643391530
Stock#,CSCO(4)DIS(6)DD(7)GS(8)HD(9)
趨勢值,0.3348229745
Stock#,AAPL(0)CSCO(4)DIS(6)DD(7)GS(8)HD(9)
趨勢值,0.3328886356
Stock#,AXP(1)CSCO(4)DIS(6)DD(7)GS(8)HD(9)
趨勢值,0.3258327090
Stock#,AAPL(0)AXP(1)CSCO(4)DIS(6)DD(7)GS(8)HD(9)
趨勢值,0.3243823279
Stock#,BA(2)CSCO(4)DIS(6)DD(7)GS(8)HD(9)
趨勢值,0.3622931500
Stock#,AAPL(0)BA(2)CSCO(4)DIS(6)DD(7)GS(8)HD(9)
趨勢值,0.3562459588
Stock#,AXP(1)BA(2)CSCO(4)DIS(6)DD(7)GS(8)HD(9)
趨勢值,0.3506088737
Stock#,AAPL(0)AXP(1)BA(2)CSCO(4)DIS(6)DD(7)GS(8)HD(9)
趨勢值,0.3453678382
Stock#,CAT(3)CSCO(4)DIS(6)DD(7)GS(8)HD(9)
趨勢值,0.4403578633
Stock#,AAPL(0)CAT(3)CSCO(4)DIS(6)DD(7)GS(8)HD(9)
趨勢值,0.4038698771
Stock#,AXP(1)CAT(3)CSCO(4)DIS(6)DD(7)GS(8)HD(9)
趨勢值,0.4060990148
Stock#,AAPL(0)AXP(1)CAT(3)CSCO(4)DIS(6)DD(7)GS(8)HD(9)
趨勢值,0.3825881714
Stock#,BA(2)CAT(3)CSCO(4)DIS(6)DD(7)GS(8)HD(9)
趨勢值,0.4456240611
Stock#,AAPL(0)BA(2)CAT(3)CSCO(4)DIS(6)DD(7)GS(8)HD(9)
趨勢值,0.4172991827
Stock#,AXP(1)BA(2)CAT(3)CSCO(4)DIS(6)DD(7)GS(8)HD(9)
趨勢值,0.4179061238
Stock#,AAPL(0)AXP(1)BA(2)CAT(3)CSCO(4)DIS(6)DD(7)GS(8)HD(9)
趨勢值,0.3969163094
Stock#,CVX(5)DIS(6)DD(7)GS(8)HD(9)
趨勢值,0.4232288398
Stock#,AAPL(0)CVX(5)DIS(6)DD(7)GS(8)HD(9)
趨勢值,0.3981990732
Stock#,AXP(1)CVX(5)DIS(6)DD(7)GS(8)HD(9)
趨勢值,0.3962290797
Stock#,AAPL(0)AXP(1)CVX(5)DIS(6)DD(7)GS(8)HD(9)
趨勢值,0.3757520171
Stock#,BA(2)CVX(5)DIS(6)DD(7)GS(8)HD(9)
趨勢值,0.4364480947
Stock#,AAPL(0)BA(2)CVX(5)DIS(6)DD(7)GS(8)HD(9)
趨勢值,0.4167189313
Stock#,AXP(1)BA(2)CVX(5)DIS(6)DD(7)GS(8)HD(9)
趨勢值,0.4136015780
Stock#,AAPL(0)AXP(1)BA(2)CVX(5)DIS(6)DD(7)GS(8)HD(9)
趨勢值,0.3944609981
Stock#,CAT(3)CVX(5)DIS(6)DD(7)GS(8)HD(9)
趨勢值,0.5689767615
Stock#,AAPL(0)CAT(3)CVX(5)DIS(6)DD(7)GS(8)HD(9)
趨勢值,0.4880753186
Stock#,AXP(1)CAT(3)CVX(5)DIS(6)DD(7)GS(8)HD(9)
趨勢值,0.4999295675
Stock#,AAPL(0)AXP(1)CAT(3)CVX(5)DIS(6)DD(7)GS(8)HD(9)
趨勢值,0.4462975978
Stock#,BA(2)CAT(3)CVX(5)DIS(6)DD(7)GS(8)HD(9)
趨勢值,0.5399246973
Stock#,AAPL(0)BA(2)CAT(3)CVX(5)DIS(6)DD(7)GS(8)HD(9)
趨勢值,0.4901129580
Stock#,AXP(1)BA(2)CAT(3)CVX(5)DIS(6)DD(7)GS(8)HD(9)
趨勢值,0.4950181036
Stock#,AAPL(0)AXP(1)BA(2)CAT(3)CVX(5)DIS(6)DD(7)GS(8)HD(9)
趨勢值,0.4548534939
Stock#,CSCO(4)CVX(5)DIS(6)DD(7)GS(8)HD(9)
趨勢值,0.3453061139
Stock#,AAPL(0)CSCO(4)CVX(5)DIS(6)DD(7)GS(8)HD(9)
趨勢值,0.3398918164
Stock#,AXP(1)CSCO(4)CVX(5)DIS(6)DD(7)GS(8)HD(9)
趨勢值,0.3341098265
Stock#,AAPL(0)AXP(1)CSCO(4)CVX(5)DIS(6)DD(7)GS(8)HD(9)
趨勢值,0.3307102894
Stock#,BA(2)CSCO(4)CVX(5)DIS(6)DD(7)GS(8)HD(9)
趨勢值,0.3655757862
Stock#,AAPL(0)BA(2)CSCO(4)CVX(5)DIS(6)DD(7)GS(8)HD(9)
趨勢值,0.3588457120
Stock#,AXP(1)BA(2)CSCO(4)CVX(5)DIS(6)DD(7)GS(8)HD(9)
趨勢值,0.3537897759
Stock#,AAPL(0)AXP(1)BA(2)CSCO(4)CVX(5)DIS(6)DD(7)GS(8)HD(9)
趨勢值,0.3483684548
Stock#,CAT(3)CSCO(4)CVX(5)DIS(6)DD(7)GS(8)HD(9)
趨勢值,0.4327587194
Stock#,AAPL(0)CAT(3)CSCO(4)CVX(5)DIS(6)DD(7)GS(8)HD(9)
趨勢值,0.4021924901
Stock#,AXP(1)CAT(3)CSCO(4)CVX(5)DIS(6)DD(7)GS(8)HD(9)
趨勢值,0.4033398799
Stock#,AAPL(0)AXP(1)CAT(3)CSCO(4)CVX(5)DIS(6)DD(7)GS(8)HD(9)
趨勢值,0.3829237835
Stock#,BA(2)CAT(3)CSCO(4)CVX(5)DIS(6)DD(7)GS(8)HD(9)
趨勢值,0.4369042911
Stock#,AAPL(0)BA(2)CAT(3)CSCO(4)CVX(5)DIS(6)DD(7)GS(8)HD(9)
趨勢值,0.4131597669
Stock#,AXP(1)BA(2)CAT(3)CSCO(4)CVX(5)DIS(6)DD(7)GS(8)HD(9)
趨勢值,0.4129483628
Stock#,AAPL(0)AXP(1)BA(2)CAT(3)CSCO(4)CVX(5)DIS(6)DD(7)GS(8)HD(9)
趨勢值,0.3950182899

最大趨勢值0.9099805204
Stock#,CAT(3)
